Benchmark,Run,Filename,NumRepairs,RepairLimit,TimeToFirst,Runtime,Timeout,TimedOut,NodesExplored,DuplicateNodes
addedVarsGyro_Var1,1,inputs-scalability/addedVarsGyro_Var1/GyroUnrealizable_Var1_710_GyroAspect_unrealizable.spectra,1,1,0.1452162130735814,0.1453610120806843,600.0,False,2,0
addedVarsGyro_Var1,2,inputs-scalability/addedVarsGyro_Var1/GyroUnrealizable_Var1_710_GyroAspect_unrealizable.spectra,1,1,0.1433833488263189,0.1434975077863782,600.0,False,2,0
addedVarsGyro_Var1,3,inputs-scalability/addedVarsGyro_Var1/GyroUnrealizable_Var1_710_GyroAspect_unrealizable.spectra,1,1,0.1808420040179044,0.1809749761596322,600.0,False,2,0
addedVarsGyro_Var1,4,inputs-scalability/addedVarsGyro_Var1/GyroUnrealizable_Var1_710_GyroAspect_unrealizable.spectra,1,1,0.1578722039703279,0.1580667758826166,600.0,False,2,0
addedVarsGyro_Var1,5,inputs-scalability/addedVarsGyro_Var1/GyroUnrealizable_Var1_710_GyroAspect_unrealizable.spectra,1,1,0.2017780060414225,0.2018968050833791,600.0,False,2,0
addedVarsGyro_Var1,6,inputs-scalability/addedVarsGyro_Var1/GyroUnrealizable_Var1_710_GyroAspect_unrealizable.spectra,1,1,0.1372357010841369,0.1373863990884274,600.0,False,2,0
addedVarsGyro_Var1,7,inputs-scalability/addedVarsGyro_Var1/GyroUnrealizable_Var1_710_GyroAspect_unrealizable.spectra,1,1,0.264708193950355,0.2648211689665913,600.0,False,3,0
addedVarsGyro_Var1,8,inputs-scalability/addedVarsGyro_Var1/GyroUnrealizable_Var1_710_GyroAspect_unrealizable.spectra,1,1,0.1508399290032684,0.1509606968611478,600.0,False,2,0
addedVarsGyro_Var1,9,inputs-scalability/addedVarsGyro_Var1/GyroUnrealizable_Var1_710_GyroAspect_unrealizable.spectra,1,1,0.1460965811274945,0.1462146600242704,600.0,False,2,0
addedVarsGyro_Var1,10,inputs-scalability/addedVarsGyro_Var1/GyroUnrealizable_Var1_710_GyroAspect_unrealizable.spectra,1,1,0.1401498550549149,0.140298908110708,600.0,False,2,0
addedVarsGyro_Var1,1,inputs-scalability/addedVarsGyro_Var1/GyroUnrealizable_Var1_710_GyroAspect_unrealizableE1.spectra,1,1,0.3208795189857483,0.3210056580137461,600.0,False,3,0
addedVarsGyro_Var1,2,inputs-scalability/addedVarsGyro_Var1/GyroUnrealizable_Var1_710_GyroAspect_unrealizableE1.spectra,1,1,0.2318299859762191,0.2320235790684819,600.0,False,2,0
addedVarsGyro_Var1,3,inputs-scalability/addedVarsGyro_Var1/GyroUnrealizable_Var1_710_GyroAspect_unrealizableE1.spectra,1,1,0.2827465189620852,0.2829501570668071,600.0,False,3,0
addedVarsGyro_Var1,4,inputs-scalability/addedVarsGyro_Var1/GyroUnrealizable_Var1_710_GyroAspect_unrealizableE1.spectra,1,1,0.1716150471474975,0.1717323891352862,600.0,False,2,0
addedVarsGyro_Var1,5,inputs-scalability/addedVarsGyro_Var1/GyroUnrealizable_Var1_710_GyroAspect_unrealizableE1.spectra,1,1,0.2212256868369877,0.2214165809564292,600.0,False,2,0
addedVarsGyro_Var1,6,inputs-scalability/addedVarsGyro_Var1/GyroUnrealizable_Var1_710_GyroAspect_unrealizableE1.spectra,1,1,0.1905743679963052,0.1906951970886439,600.0,False,2,0
addedVarsGyro_Var1,7,inputs-scalability/addedVarsGyro_Var1/GyroUnrealizable_Var1_710_GyroAspect_unrealizableE1.spectra,1,1,0.1455205359961837,0.145630907965824,600.0,False,2,0
addedVarsGyro_Var1,8,inputs-scalability/addedVarsGyro_Var1/GyroUnrealizable_Var1_710_GyroAspect_unrealizableE1.spectra,1,1,0.1624800211284309,0.1626060199923813,600.0,False,2,0
addedVarsGyro_Var1,9,inputs-scalability/addedVarsGyro_Var1/GyroUnrealizable_Var1_710_GyroAspect_unrealizableE1.spectra,1,1,0.2465545327868312,0.2466704549733549,600.0,False,3,0
addedVarsGyro_Var1,10,inputs-scalability/addedVarsGyro_Var1/GyroUnrealizable_Var1_710_GyroAspect_unrealizableE1.spectra,1,1,0.1825571078807115,0.1827173468191176,600.0,False,2,0
addedVarsGyro_Var1,1,inputs-scalability/addedVarsGyro_Var1/GyroUnrealizable_Var1_710_GyroAspect_unrealizableE2.spectra,1,1,0.1766082120593637,0.1768006959464401,600.0,False,2,0
addedVarsGyro_Var1,2,inputs-scalability/addedVarsGyro_Var1/GyroUnrealizable_Var1_710_GyroAspect_unrealizableE2.spectra,1,1,0.272551778005436,0.2726867829915136,600.0,False,3,0
addedVarsGyro_Var1,3,inputs-scalability/addedVarsGyro_Var1/GyroUnrealizable_Var1_710_GyroAspect_unrealizableE2.spectra,1,1,0.1665498039219528,0.1666751429438591,600.0,False,2,0
addedVarsGyro_Var1,4,inputs-scalability/addedVarsGyro_Var1/GyroUnrealizable_Var1_710_GyroAspect_unrealizableE2.spectra,1,1,0.2819348159246146,0.2821569750085473,600.0,False,3,0
addedVarsGyro_Var1,5,inputs-scalability/addedVarsGyro_Var1/GyroUnrealizable_Var1_710_GyroAspect_unrealizableE2.spectra,1,1,0.224418715108186,0.2246102471835911,600.0,False,2,0
addedVarsGyro_Var1,6,inputs-scalability/addedVarsGyro_Var1/GyroUnrealizable_Var1_710_GyroAspect_unrealizableE2.spectra,1,1,0.1818396691232919,0.1820506451185792,600.0,False,2,0
addedVarsGyro_Var1,7,inputs-scalability/addedVarsGyro_Var1/GyroUnrealizable_Var1_710_GyroAspect_unrealizableE2.spectra,1,1,0.1737888250499963,0.1740061198361218,600.0,False,2,0
addedVarsGyro_Var1,8,inputs-scalability/addedVarsGyro_Var1/GyroUnrealizable_Var1_710_GyroAspect_unrealizableE2.spectra,1,1,0.2512558589223772,0.2513843029737472,600.0,False,3,0
addedVarsGyro_Var1,9,inputs-scalability/addedVarsGyro_Var1/GyroUnrealizable_Var1_710_GyroAspect_unrealizableE2.spectra,1,1,0.1484345060307532,0.1485860859975218,600.0,False,2,0
addedVarsGyro_Var1,10,inputs-scalability/addedVarsGyro_Var1/GyroUnrealizable_Var1_710_GyroAspect_unrealizableE2.spectra,1,1,0.1646643839776516,0.164779535960406,600.0,False,2,0
addedVarsGyro_Var1,1,inputs-scalability/addedVarsGyro_Var1/GyroUnrealizable_Var1_710_GyroAspect_unrealizableE3.spectra,1,1,0.1763599039986729,0.1764727639965713,600.0,False,2,0
addedVarsGyro_Var1,2,inputs-scalability/addedVarsGyro_Var1/GyroUnrealizable_Var1_710_GyroAspect_unrealizableE3.spectra,1,1,0.1772756560239941,0.1773954830132424,600.0,False,2,0
addedVarsGyro_Var1,3,inputs-scalability/addedVarsGyro_Var1/GyroUnrealizable_Var1_710_GyroAspect_unrealizableE3.spectra,1,1,0.1585377650335431,0.1586564071476459,600.0,False,2,0
addedVarsGyro_Var1,4,inputs-scalability/addedVarsGyro_Var1/GyroUnrealizable_Var1_710_GyroAspect_unrealizableE3.spectra,1,1,0.205150598892942,0.2052704179659485,600.0,False,2,0
addedVarsGyro_Var1,5,inputs-scalability/addedVarsGyro_Var1/GyroUnrealizable_Var1_710_GyroAspect_unrealizableE3.spectra,1,1,0.1962256890255957,0.1964193480089306,600.0,False,2,0
addedVarsGyro_Var1,6,inputs-scalability/addedVarsGyro_Var1/GyroUnrealizable_Var1_710_GyroAspect_unrealizableE3.spectra,1,1,0.1632832461036741,0.163411424960941,600.0,False,2,0
addedVarsGyro_Var1,7,inputs-scalability/addedVarsGyro_Var1/GyroUnrealizable_Var1_710_GyroAspect_unrealizableE3.spectra,1,1,0.2978217101190239,0.2979678311385214,600.0,False,3,0
addedVarsGyro_Var1,8,inputs-scalability/addedVarsGyro_Var1/GyroUnrealizable_Var1_710_GyroAspect_unrealizableE3.spectra,1,1,0.1854912280105054,0.185609586071223,600.0,False,2,0
addedVarsGyro_Var1,9,inputs-scalability/addedVarsGyro_Var1/GyroUnrealizable_Var1_710_GyroAspect_unrealizableE3.spectra,1,1,0.1796460419427603,0.1797608789056539,600.0,False,2,0
addedVarsGyro_Var1,10,inputs-scalability/addedVarsGyro_Var1/GyroUnrealizable_Var1_710_GyroAspect_unrealizableE3.spectra,1,1,0.1761779158841818,0.176382953999564,600.0,False,2,0
addedVarsGyro_Var1,1,inputs-scalability/addedVarsGyro_Var1/GyroUnrealizable_Var1_710_GyroAspect_unrealizableE4.spectra,1,1,0.1821276249829679,0.182322118896991,600.0,False,2,0
addedVarsGyro_Var1,2,inputs-scalability/addedVarsGyro_Var1/GyroUnrealizable_Var1_710_GyroAspect_unrealizableE4.spectra,1,1,0.3030276589561254,0.3032442580442875,600.0,False,2,0
addedVarsGyro_Var1,3,inputs-scalability/addedVarsGyro_Var1/GyroUnrealizable_Var1_710_GyroAspect_unrealizableE4.spectra,1,1,0.1536719100549817,0.153890959918499,600.0,False,2,0
addedVarsGyro_Var1,4,inputs-scalability/addedVarsGyro_Var1/GyroUnrealizable_Var1_710_GyroAspect_unrealizableE4.spectra,1,1,0.2004943450447172,0.2006115589756518,600.0,False,2,0
addedVarsGyro_Var1,5,inputs-scalability/addedVarsGyro_Var1/GyroUnrealizable_Var1_710_GyroAspect_unrealizableE4.spectra,1,1,0.1779402149841189,0.1780542549677193,600.0,False,2,0
addedVarsGyro_Var1,6,inputs-scalability/addedVarsGyro_Var1/GyroUnrealizable_Var1_710_GyroAspect_unrealizableE4.spectra,1,1,0.1607855469919741,0.1609165340196341,600.0,False,2,0
addedVarsGyro_Var1,7,inputs-scalability/addedVarsGyro_Var1/GyroUnrealizable_Var1_710_GyroAspect_unrealizableE4.spectra,1,1,0.2124131398741156,0.212604948785156,600.0,False,2,0
addedVarsGyro_Var1,8,inputs-scalability/addedVarsGyro_Var1/GyroUnrealizable_Var1_710_GyroAspect_unrealizableE4.spectra,1,1,0.1615993420127779,0.1618135750759393,600.0,False,2,0
addedVarsGyro_Var1,9,inputs-scalability/addedVarsGyro_Var1/GyroUnrealizable_Var1_710_GyroAspect_unrealizableE4.spectra,1,1,0.3197298950981349,0.3199241370894015,600.0,False,3,0
addedVarsGyro_Var1,10,inputs-scalability/addedVarsGyro_Var1/GyroUnrealizable_Var1_710_GyroAspect_unrealizableE4.spectra,1,1,0.1624815941322595,0.1626907680183649,600.0,False,2,0
addedVarsGyro_Var1,1,inputs-scalability/addedVarsGyro_Var1/GyroUnrealizable_Var1_710_GyroAspect_unrealizableE5.spectra,1,1,0.1760046158451587,0.1761194798164069,600.0,False,2,0
addedVarsGyro_Var1,2,inputs-scalability/addedVarsGyro_Var1/GyroUnrealizable_Var1_710_GyroAspect_unrealizableE5.spectra,1,1,0.1947783848736435,0.1949928610119968,600.0,False,2,0
addedVarsGyro_Var1,3,inputs-scalability/addedVarsGyro_Var1/GyroUnrealizable_Var1_710_GyroAspect_unrealizableE5.spectra,1,1,0.2571578540373593,0.2573481339495629,600.0,False,2,0
addedVarsGyro_Var1,4,inputs-scalability/addedVarsGyro_Var1/GyroUnrealizable_Var1_710_GyroAspect_unrealizableE5.spectra,1,1,0.2422993271611631,0.2424449459649622,600.0,False,2,0
addedVarsGyro_Var1,5,inputs-scalability/addedVarsGyro_Var1/GyroUnrealizable_Var1_710_GyroAspect_unrealizableE5.spectra,1,1,0.2048331268597394,0.2049432848580181,600.0,False,2,0
addedVarsGyro_Var1,6,inputs-scalability/addedVarsGyro_Var1/GyroUnrealizable_Var1_710_GyroAspect_unrealizableE5.spectra,1,1,0.1872437170241028,0.1873575439676642,600.0,False,2,0
addedVarsGyro_Var1,7,inputs-scalability/addedVarsGyro_Var1/GyroUnrealizable_Var1_710_GyroAspect_unrealizableE5.spectra,1,1,0.200028670951724,0.2001552879810333,600.0,False,2,0
addedVarsGyro_Var1,8,inputs-scalability/addedVarsGyro_Var1/GyroUnrealizable_Var1_710_GyroAspect_unrealizableE5.spectra,1,1,0.1906313949730247,0.1907483809627592,600.0,False,2,0
addedVarsGyro_Var1,9,inputs-scalability/addedVarsGyro_Var1/GyroUnrealizable_Var1_710_GyroAspect_unrealizableE5.spectra,1,1,0.1782722361385822,0.1783819459378719,600.0,False,2,0
addedVarsGyro_Var1,10,inputs-scalability/addedVarsGyro_Var1/GyroUnrealizable_Var1_710_GyroAspect_unrealizableE5.spectra,1,1,0.3389619397930801,0.3391579648014158,600.0,False,3,0
addedVarsGyro_Var1,1,inputs-scalability/addedVarsGyro_Var1/GyroUnrealizable_Var1_710_GyroAspect_unrealizableS1.spectra,1,1,0.1872496819123625,0.1874428070150315,600.0,False,2,0
addedVarsGyro_Var1,2,inputs-scalability/addedVarsGyro_Var1/GyroUnrealizable_Var1_710_GyroAspect_unrealizableS1.spectra,1,1,0.334903190145269,0.3351015581283718,600.0,False,3,0
addedVarsGyro_Var1,3,inputs-scalability/addedVarsGyro_Var1/GyroUnrealizable_Var1_710_GyroAspect_unrealizableS1.spectra,1,1,0.1395945630501955,0.1397098160814494,600.0,False,2,0
addedVarsGyro_Var1,4,inputs-scalability/addedVarsGyro_Var1/GyroUnrealizable_Var1_710_GyroAspect_unrealizableS1.spectra,1,1,0.1437349079642444,0.1438523340038955,600.0,False,2,0
addedVarsGyro_Var1,5,inputs-scalability/addedVarsGyro_Var1/GyroUnrealizable_Var1_710_GyroAspect_unrealizableS1.spectra,1,1,0.136943289078772,0.1370584270916879,600.0,False,2,0
addedVarsGyro_Var1,6,inputs-scalability/addedVarsGyro_Var1/GyroUnrealizable_Var1_710_GyroAspect_unrealizableS1.spectra,1,1,0.1595147051848471,0.1596618911717087,600.0,False,2,0
addedVarsGyro_Var1,7,inputs-scalability/addedVarsGyro_Var1/GyroUnrealizable_Var1_710_GyroAspect_unrealizableS1.spectra,1,1,0.1361962279770523,0.1363455620594322,600.0,False,2,0
addedVarsGyro_Var1,8,inputs-scalability/addedVarsGyro_Var1/GyroUnrealizable_Var1_710_GyroAspect_unrealizableS1.spectra,1,1,0.1477469559758901,0.1478678348939865,600.0,False,2,0
addedVarsGyro_Var1,9,inputs-scalability/addedVarsGyro_Var1/GyroUnrealizable_Var1_710_GyroAspect_unrealizableS1.spectra,1,1,0.1888439538888633,0.1890287459827959,600.0,False,2,0
addedVarsGyro_Var1,10,inputs-scalability/addedVarsGyro_Var1/GyroUnrealizable_Var1_710_GyroAspect_unrealizableS1.spectra,1,1,0.187163271009922,0.1873234321828931,600.0,False,2,0
addedVarsGyro_Var1,1,inputs-scalability/addedVarsGyro_Var1/GyroUnrealizable_Var1_710_GyroAspect_unrealizableS2.spectra,1,1,0.2695142191369086,0.2696660431101918,600.0,False,3,0
addedVarsGyro_Var1,2,inputs-scalability/addedVarsGyro_Var1/GyroUnrealizable_Var1_710_GyroAspect_unrealizableS2.spectra,1,1,0.1672968128696084,0.1674110770691186,600.0,False,2,0
addedVarsGyro_Var1,3,inputs-scalability/addedVarsGyro_Var1/GyroUnrealizable_Var1_710_GyroAspect_unrealizableS2.spectra,1,1,0.2823468849528581,0.28247538395226,600.0,False,3,0
addedVarsGyro_Var1,4,inputs-scalability/addedVarsGyro_Var1/GyroUnrealizable_Var1_710_GyroAspect_unrealizableS2.spectra,1,1,0.1838982400950044,0.1840446719434112,600.0,False,2,0
addedVarsGyro_Var1,5,inputs-scalability/addedVarsGyro_Var1/GyroUnrealizable_Var1_710_GyroAspect_unrealizableS2.spectra,1,1,0.255483124172315,0.2555980491451919,600.0,False,3,0
addedVarsGyro_Var1,6,inputs-scalability/addedVarsGyro_Var1/GyroUnrealizable_Var1_710_GyroAspect_unrealizableS2.spectra,1,1,0.2003026558086276,0.2004207719583064,600.0,False,2,0
addedVarsGyro_Var1,7,inputs-scalability/addedVarsGyro_Var1/GyroUnrealizable_Var1_710_GyroAspect_unrealizableS2.spectra,1,1,0.1466392860747873,0.1467528780922293,600.0,False,2,0
addedVarsGyro_Var1,8,inputs-scalability/addedVarsGyro_Var1/GyroUnrealizable_Var1_710_GyroAspect_unrealizableS2.spectra,1,1,0.1846207620110362,0.1847670299466699,600.0,False,2,0
addedVarsGyro_Var1,9,inputs-scalability/addedVarsGyro_Var1/GyroUnrealizable_Var1_710_GyroAspect_unrealizableS2.spectra,1,1,0.1552127161994576,0.1553807770833373,600.0,False,2,0
addedVarsGyro_Var1,10,inputs-scalability/addedVarsGyro_Var1/GyroUnrealizable_Var1_710_GyroAspect_unrealizableS2.spectra,1,1,0.1627706519793719,0.1628834819421172,600.0,False,2,0
addedVarsGyro_Var1,1,inputs-scalability/addedVarsGyro_Var1/GyroUnrealizable_Var1_710_GyroAspect_unrealizableS3.spectra,1,1,0.154849621001631,0.1549650619272142,600.0,False,2,0
addedVarsGyro_Var1,2,inputs-scalability/addedVarsGyro_Var1/GyroUnrealizable_Var1_710_GyroAspect_unrealizableS3.spectra,1,1,0.2705187101382762,0.2706346011254936,600.0,False,3,0
addedVarsGyro_Var1,3,inputs-scalability/addedVarsGyro_Var1/GyroUnrealizable_Var1_710_GyroAspect_unrealizableS3.spectra,1,1,0.2700091050937772,0.2701451361645013,600.0,False,3,0
addedVarsGyro_Var1,4,inputs-scalability/addedVarsGyro_Var1/GyroUnrealizable_Var1_710_GyroAspect_unrealizableS3.spectra,1,1,0.1927495789714157,0.1929406588897109,600.0,False,2,0
addedVarsGyro_Var1,5,inputs-scalability/addedVarsGyro_Var1/GyroUnrealizable_Var1_710_GyroAspect_unrealizableS3.spectra,1,1,0.1875020680017769,0.1877130700740963,600.0,False,2,0
addedVarsGyro_Var1,6,inputs-scalability/addedVarsGyro_Var1/GyroUnrealizable_Var1_710_GyroAspect_unrealizableS3.spectra,1,1,0.1818585530854761,0.1819746471010148,600.0,False,2,0
addedVarsGyro_Var1,7,inputs-scalability/addedVarsGyro_Var1/GyroUnrealizable_Var1_710_GyroAspect_unrealizableS3.spectra,1,1,0.2519056568853557,0.2520183508750051,600.0,False,3,0
addedVarsGyro_Var1,8,inputs-scalability/addedVarsGyro_Var1/GyroUnrealizable_Var1_710_GyroAspect_unrealizableS3.spectra,1,1,0.1379053960554301,0.1380213950760662,600.0,False,2,0
addedVarsGyro_Var1,9,inputs-scalability/addedVarsGyro_Var1/GyroUnrealizable_Var1_710_GyroAspect_unrealizableS3.spectra,1,1,0.1669513310771435,0.1670598001219332,600.0,False,2,0
addedVarsGyro_Var1,10,inputs-scalability/addedVarsGyro_Var1/GyroUnrealizable_Var1_710_GyroAspect_unrealizableS3.spectra,1,1,0.1640135569032281,0.1641284029465168,600.0,False,2,0
addedVarsGyro_Var1,1,inputs-scalability/addedVarsGyro_Var1/GyroUnrealizable_Var1_710_GyroAspect_unrealizableS4.spectra,1,1,0.3638639191631228,0.3639849291648716,600.0,False,3,0
addedVarsGyro_Var1,2,inputs-scalability/addedVarsGyro_Var1/GyroUnrealizable_Var1_710_GyroAspect_unrealizableS4.spectra,1,1,0.1582727578934282,0.1583871869370341,600.0,False,2,0
addedVarsGyro_Var1,3,inputs-scalability/addedVarsGyro_Var1/GyroUnrealizable_Var1_710_GyroAspect_unrealizableS4.spectra,1,1,0.1595556540414691,0.159670575056225,600.0,False,2,0
addedVarsGyro_Var1,4,inputs-scalability/addedVarsGyro_Var1/GyroUnrealizable_Var1_710_GyroAspect_unrealizableS4.spectra,1,1,0.1813996429555118,0.1815968330483883,600.0,False,2,0
addedVarsGyro_Var1,5,inputs-scalability/addedVarsGyro_Var1/GyroUnrealizable_Var1_710_GyroAspect_unrealizableS4.spectra,1,1,0.1891963470261544,0.1893093949183821,600.0,False,2,0
addedVarsGyro_Var1,6,inputs-scalability/addedVarsGyro_Var1/GyroUnrealizable_Var1_710_GyroAspect_unrealizableS4.spectra,1,1,0.1567314921412617,0.156849208055064,600.0,False,2,0
addedVarsGyro_Var1,7,inputs-scalability/addedVarsGyro_Var1/GyroUnrealizable_Var1_710_GyroAspect_unrealizableS4.spectra,1,1,0.1539525929838419,0.1541436489205807,600.0,False,2,0
addedVarsGyro_Var1,8,inputs-scalability/addedVarsGyro_Var1/GyroUnrealizable_Var1_710_GyroAspect_unrealizableS4.spectra,1,1,0.1550809398759156,0.1552978369873017,600.0,False,2,0
addedVarsGyro_Var1,9,inputs-scalability/addedVarsGyro_Var1/GyroUnrealizable_Var1_710_GyroAspect_unrealizableS4.spectra,1,1,0.1805672431364655,0.1807148959487676,600.0,False,2,0
addedVarsGyro_Var1,10,inputs-scalability/addedVarsGyro_Var1/GyroUnrealizable_Var1_710_GyroAspect_unrealizableS4.spectra,1,1,0.1610315518919378,0.1611448209732771,600.0,False,2,0
addedVarsGyro_Var1,1,inputs-scalability/addedVarsGyro_Var1/GyroUnrealizable_Var1_710_GyroAspect_unrealizableS5.spectra,1,1,0.2060209270566702,0.2062380809802562,600.0,False,2,0
addedVarsGyro_Var1,2,inputs-scalability/addedVarsGyro_Var1/GyroUnrealizable_Var1_710_GyroAspect_unrealizableS5.spectra,1,1,0.2201735689304769,0.2203024548944085,600.0,False,2,0
addedVarsGyro_Var1,3,inputs-scalability/addedVarsGyro_Var1/GyroUnrealizable_Var1_710_GyroAspect_unrealizableS5.spectra,1,1,0.3086054169107228,0.308805578853935,600.0,False,3,0
addedVarsGyro_Var1,4,inputs-scalability/addedVarsGyro_Var1/GyroUnrealizable_Var1_710_GyroAspect_unrealizableS5.spectra,1,1,0.1667842559982091,0.1669805559795349,600.0,False,2,0
addedVarsGyro_Var1,5,inputs-scalability/addedVarsGyro_Var1/GyroUnrealizable_Var1_710_GyroAspect_unrealizableS5.spectra,1,1,0.1747235690709203,0.1748402239754796,600.0,False,2,0
addedVarsGyro_Var1,6,inputs-scalability/addedVarsGyro_Var1/GyroUnrealizable_Var1_710_GyroAspect_unrealizableS5.spectra,1,1,0.2494928750675171,0.2496102231089025,600.0,False,3,0
addedVarsGyro_Var1,7,inputs-scalability/addedVarsGyro_Var1/GyroUnrealizable_Var1_710_GyroAspect_unrealizableS5.spectra,1,1,0.3207474751397967,0.3209352949634194,600.0,False,3,0
addedVarsGyro_Var1,8,inputs-scalability/addedVarsGyro_Var1/GyroUnrealizable_Var1_710_GyroAspect_unrealizableS5.spectra,1,1,0.2140881621744483,0.2142006370704621,600.0,False,2,0
addedVarsGyro_Var1,9,inputs-scalability/addedVarsGyro_Var1/GyroUnrealizable_Var1_710_GyroAspect_unrealizableS5.spectra,1,1,0.1546193740796297,0.1547336052171886,600.0,False,2,0
addedVarsGyro_Var1,10,inputs-scalability/addedVarsGyro_Var1/GyroUnrealizable_Var1_710_GyroAspect_unrealizableS5.spectra,1,1,0.2828571628779173,0.2830611949320882,600.0,False,3,0
addedVarsHumanoid458,1,inputs-scalability/addedVarsHumanoid458/HumanoidLTL_458_Humanoid_fixed_unrealizable.spectra,1,1,0.1471040949691087,0.1472480280790478,600.0,False,2,0
addedVarsHumanoid458,2,inputs-scalability/addedVarsHumanoid458/HumanoidLTL_458_Humanoid_fixed_unrealizable.spectra,1,1,0.1480009939987212,0.1481282480526715,600.0,False,2,0
addedVarsHumanoid458,3,inputs-scalability/addedVarsHumanoid458/HumanoidLTL_458_Humanoid_fixed_unrealizable.spectra,1,1,0.2392066840548068,0.2394054948817938,600.0,False,3,0
addedVarsHumanoid458,4,inputs-scalability/addedVarsHumanoid458/HumanoidLTL_458_Humanoid_fixed_unrealizable.spectra,1,1,0.1541248760186135,0.1543376911431551,600.0,False,2,0
addedVarsHumanoid458,5,inputs-scalability/addedVarsHumanoid458/HumanoidLTL_458_Humanoid_fixed_unrealizable.spectra,1,1,0.2632852068636566,0.2634744949173182,600.0,False,3,0
addedVarsHumanoid458,6,inputs-scalability/addedVarsHumanoid458/HumanoidLTL_458_Humanoid_fixed_unrealizable.spectra,1,1,0.2763906389009207,0.2765850990545004,600.0,False,3,0
addedVarsHumanoid458,7,inputs-scalability/addedVarsHumanoid458/HumanoidLTL_458_Humanoid_fixed_unrealizable.spectra,1,1,0.2634832100011408,0.2636711760424077,600.0,False,3,0
addedVarsHumanoid458,8,inputs-scalability/addedVarsHumanoid458/HumanoidLTL_458_Humanoid_fixed_unrealizable.spectra,1,1,0.1443374960217625,0.1444859430193901,600.0,False,2,0
addedVarsHumanoid458,9,inputs-scalability/addedVarsHumanoid458/HumanoidLTL_458_Humanoid_fixed_unrealizable.spectra,1,1,0.1371623089071363,0.1372951620724052,600.0,False,2,0
addedVarsHumanoid458,10,inputs-scalability/addedVarsHumanoid458/HumanoidLTL_458_Humanoid_fixed_unrealizable.spectra,1,1,0.1410685591399669,0.1412836541421711,600.0,False,2,0
addedVarsHumanoid458,1,inputs-scalability/addedVarsHumanoid458/HumanoidLTL_458_Humanoid_fixed_unrealizableE1.spectra,1,1,0.2719755151774734,0.2721731571946293,600.0,False,3,0
addedVarsHumanoid458,2,inputs-scalability/addedVarsHumanoid458/HumanoidLTL_458_Humanoid_fixed_unrealizableE1.spectra,1,1,0.1770595640409737,0.1771765858866274,600.0,False,2,0
addedVarsHumanoid458,3,inputs-scalability/addedVarsHumanoid458/HumanoidLTL_458_Humanoid_fixed_unrealizableE1.spectra,1,1,0.1647823930252343,0.1649814429692924,600.0,False,2,0
addedVarsHumanoid458,4,inputs-scalability/addedVarsHumanoid458/HumanoidLTL_458_Humanoid_fixed_unrealizableE1.spectra,1,1,0.1379813959356397,0.1380977148655802,600.0,False,2,0
addedVarsHumanoid458,5,inputs-scalability/addedVarsHumanoid458/HumanoidLTL_458_Humanoid_fixed_unrealizableE1.spectra,1,1,0.1505943390075117,0.1507101932074874,600.0,False,2,0
addedVarsHumanoid458,6,inputs-scalability/addedVarsHumanoid458/HumanoidLTL_458_Humanoid_fixed_unrealizableE1.spectra,1,1,0.2475203250069171,0.2477112249471247,600.0,False,3,0
addedVarsHumanoid458,7,inputs-scalability/addedVarsHumanoid458/HumanoidLTL_458_Humanoid_fixed_unrealizableE1.spectra,1,1,0.1552527451422065,0.155399490147829,600.0,False,2,0
addedVarsHumanoid458,8,inputs-scalability/addedVarsHumanoid458/HumanoidLTL_458_Humanoid_fixed_unrealizableE1.spectra,1,1,0.1282910679001361,0.1284058738965541,600.0,False,2,0
addedVarsHumanoid458,9,inputs-scalability/addedVarsHumanoid458/HumanoidLTL_458_Humanoid_fixed_unrealizableE1.spectra,1,1,0.2623410760425031,0.2624905109405517,600.0,False,3,0
addedVarsHumanoid458,10,inputs-scalability/addedVarsHumanoid458/HumanoidLTL_458_Humanoid_fixed_unrealizableE1.spectra,1,1,0.2645035749301314,0.2646314189769327,600.0,False,3,0
addedVarsHumanoid458,1,inputs-scalability/addedVarsHumanoid458/HumanoidLTL_458_Humanoid_fixed_unrealizableE2.spectra,1,1,0.1465973088052123,0.1467455748934298,600.0,False,2,0
addedVarsHumanoid458,2,inputs-scalability/addedVarsHumanoid458/HumanoidLTL_458_Humanoid_fixed_unrealizableE2.spectra,1,1,0.3320563551969826,0.3321683350950479,600.0,False,3,0
addedVarsHumanoid458,3,inputs-scalability/addedVarsHumanoid458/HumanoidLTL_458_Humanoid_fixed_unrealizableE2.spectra,1,1,0.1642707008868456,0.1643983628600835,600.0,False,2,0
addedVarsHumanoid458,4,inputs-scalability/addedVarsHumanoid458/HumanoidLTL_458_Humanoid_fixed_unrealizableE2.spectra,1,1,0.2680494219530374,0.2681639408692717,600.0,False,3,0
addedVarsHumanoid458,5,inputs-scalability/addedVarsHumanoid458/HumanoidLTL_458_Humanoid_fixed_unrealizableE2.spectra,1,1,0.1366912380326539,0.1368409139104187,600.0,False,2,0
addedVarsHumanoid458,6,inputs-scalability/addedVarsHumanoid458/HumanoidLTL_458_Humanoid_fixed_unrealizableE2.spectra,1,1,0.1347131892107427,0.1348266231361776,600.0,False,2,0
addedVarsHumanoid458,7,inputs-scalability/addedVarsHumanoid458/HumanoidLTL_458_Humanoid_fixed_unrealizableE2.spectra,1,1,0.1691548409871757,0.1692706570029258,600.0,False,2,0
addedVarsHumanoid458,8,inputs-scalability/addedVarsHumanoid458/HumanoidLTL_458_Humanoid_fixed_unrealizableE2.spectra,1,1,0.2593111270107329,0.2594368681311607,600.0,False,3,0
addedVarsHumanoid458,9,inputs-scalability/addedVarsHumanoid458/HumanoidLTL_458_Humanoid_fixed_unrealizableE2.spectra,1,1,0.1729959188960492,0.1731966149527579,600.0,False,2,0
addedVarsHumanoid458,10,inputs-scalability/addedVarsHumanoid458/HumanoidLTL_458_Humanoid_fixed_unrealizableE2.spectra,1,1,0.2572405899409204,0.257353400113061,600.0,False,3,0
addedVarsHumanoid458,1,inputs-scalability/addedVarsHumanoid458/HumanoidLTL_458_Humanoid_fixed_unrealizableE3.spectra,1,1,0.1626070700585842,0.1627258430235088,600.0,False,2,0
addedVarsHumanoid458,2,inputs-scalability/addedVarsHumanoid458/HumanoidLTL_458_Humanoid_fixed_unrealizableE3.spectra,1,1,0.2660195140633732,0.266219604993239,600.0,False,3,0
addedVarsHumanoid458,3,inputs-scalability/addedVarsHumanoid458/HumanoidLTL_458_Humanoid_fixed_unrealizableE3.spectra,1,1,0.2724292848724872,0.2726195978466421,600.0,False,3,0
addedVarsHumanoid458,4,inputs-scalability/addedVarsHumanoid458/HumanoidLTL_458_Humanoid_fixed_unrealizableE3.spectra,1,1,0.2505040089599788,0.2506540329195559,600.0,False,3,0
addedVarsHumanoid458,5,inputs-scalability/addedVarsHumanoid458/HumanoidLTL_458_Humanoid_fixed_unrealizableE3.spectra,1,1,0.1352556208148598,0.135370846837759,600.0,False,2,0
addedVarsHumanoid458,6,inputs-scalability/addedVarsHumanoid458/HumanoidLTL_458_Humanoid_fixed_unrealizableE3.spectra,1,1,0.1490746850613504,0.1492765510920435,600.0,False,2,0
addedVarsHumanoid458,7,inputs-scalability/addedVarsHumanoid458/HumanoidLTL_458_Humanoid_fixed_unrealizableE3.spectra,1,1,0.2681550150737166,0.2682677281554788,600.0,False,3,0
addedVarsHumanoid458,8,inputs-scalability/addedVarsHumanoid458/HumanoidLTL_458_Humanoid_fixed_unrealizableE3.spectra,1,1,0.150076659861952,0.1503347258549183,600.0,False,2,0
addedVarsHumanoid458,9,inputs-scalability/addedVarsHumanoid458/HumanoidLTL_458_Humanoid_fixed_unrealizableE3.spectra,1,1,0.3000477359164506,0.3001989410258829,600.0,False,3,0
addedVarsHumanoid458,10,inputs-scalability/addedVarsHumanoid458/HumanoidLTL_458_Humanoid_fixed_unrealizableE3.spectra,1,1,0.3249688819050789,0.3251159589271992,600.0,False,3,0
addedVarsHumanoid458,1,inputs-scalability/addedVarsHumanoid458/HumanoidLTL_458_Humanoid_fixed_unrealizableE4.spectra,1,1,0.1683777419384569,0.1685759299434721,600.0,False,2,0
addedVarsHumanoid458,2,inputs-scalability/addedVarsHumanoid458/HumanoidLTL_458_Humanoid_fixed_unrealizableE4.spectra,1,1,0.1704948488622903,0.1706077139824628,600.0,False,2,0
addedVarsHumanoid458,3,inputs-scalability/addedVarsHumanoid458/HumanoidLTL_458_Humanoid_fixed_unrealizableE4.spectra,1,1,0.1555220938753336,0.1557383788749575,600.0,False,2,0
addedVarsHumanoid458,4,inputs-scalability/addedVarsHumanoid458/HumanoidLTL_458_Humanoid_fixed_unrealizableE4.spectra,1,1,0.1477709580212831,0.1479852930642664,600.0,False,2,0
addedVarsHumanoid458,5,inputs-scalability/addedVarsHumanoid458/HumanoidLTL_458_Humanoid_fixed_unrealizableE4.spectra,1,1,0.2762514639180153,0.276375263929367,600.0,False,3,0
addedVarsHumanoid458,6,inputs-scalability/addedVarsHumanoid458/HumanoidLTL_458_Humanoid_fixed_unrealizableE4.spectra,1,1,0.3152867739554494,0.3154762689955532,600.0,False,3,0
addedVarsHumanoid458,7,inputs-scalability/addedVarsHumanoid458/HumanoidLTL_458_Humanoid_fixed_unrealizableE4.spectra,1,1,0.1559566820506006,0.156069247983396,600.0,False,2,0
addedVarsHumanoid458,8,inputs-scalability/addedVarsHumanoid458/HumanoidLTL_458_Humanoid_fixed_unrealizableE4.spectra,1,1,0.312319905962795,0.3125151309650391,600.0,False,3,0
addedVarsHumanoid458,9,inputs-scalability/addedVarsHumanoid458/HumanoidLTL_458_Humanoid_fixed_unrealizableE4.spectra,1,1,0.1321250388864427,0.132274521049112,600.0,False,2,0
addedVarsHumanoid458,10,inputs-scalability/addedVarsHumanoid458/HumanoidLTL_458_Humanoid_fixed_unrealizableE4.spectra,1,1,0.1610316191799938,0.1611844920553267,600.0,False,2,0
addedVarsHumanoid458,1,inputs-scalability/addedVarsHumanoid458/HumanoidLTL_458_Humanoid_fixed_unrealizableE5.spectra,1,1,0.1438642048742622,0.1439785358961671,600.0,False,2,0
addedVarsHumanoid458,2,inputs-scalability/addedVarsHumanoid458/HumanoidLTL_458_Humanoid_fixed_unrealizableE5.spectra,1,1,0.1594474231824278,0.1595629451330751,600.0,False,2,0
addedVarsHumanoid458,3,inputs-scalability/addedVarsHumanoid458/HumanoidLTL_458_Humanoid_fixed_unrealizableE5.spectra,1,1,0.1809032699093222,0.181117117870599,600.0,False,2,0
addedVarsHumanoid458,4,inputs-scalability/addedVarsHumanoid458/HumanoidLTL_458_Humanoid_fixed_unrealizableE5.spectra,1,1,0.360063771950081,0.3603030280210078,600.0,False,3,0
addedVarsHumanoid458,5,inputs-scalability/addedVarsHumanoid458/HumanoidLTL_458_Humanoid_fixed_unrealizableE5.spectra,1,1,0.195169179001823,0.1953612649813294,600.0,False,2,0
addedVarsHumanoid458,6,inputs-scalability/addedVarsHumanoid458/HumanoidLTL_458_Humanoid_fixed_unrealizableE5.spectra,1,1,0.2938253369648009,0.2939694859087467,600.0,False,3,0
addedVarsHumanoid458,7,inputs-scalability/addedVarsHumanoid458/HumanoidLTL_458_Humanoid_fixed_unrealizableE5.spectra,1,1,0.1554996238555759,0.1556918697897344,600.0,False,2,0
addedVarsHumanoid458,8,inputs-scalability/addedVarsHumanoid458/HumanoidLTL_458_Humanoid_fixed_unrealizableE5.spectra,1,1,0.3095540211070329,0.3097454740200192,600.0,False,3,0
addedVarsHumanoid458,9,inputs-scalability/addedVarsHumanoid458/HumanoidLTL_458_Humanoid_fixed_unrealizableE5.spectra,1,1,0.3863894948735833,0.3865921080578118,600.0,False,3,0
addedVarsHumanoid458,10,inputs-scalability/addedVarsHumanoid458/HumanoidLTL_458_Humanoid_fixed_unrealizableE5.spectra,1,1,0.3350502680987119,0.3351659909822047,600.0,False,3,0
addedVarsHumanoid458,1,inputs-scalability/addedVarsHumanoid458/HumanoidLTL_458_Humanoid_fixed_unrealizableS1.spectra,1,1,0.1666010338813066,0.1667136249598115,600.0,False,2,0
addedVarsHumanoid458,2,inputs-scalability/addedVarsHumanoid458/HumanoidLTL_458_Humanoid_fixed_unrealizableS1.spectra,1,1,0.1798875550739467,0.1800009841099381,600.0,False,2,0
addedVarsHumanoid458,3,inputs-scalability/addedVarsHumanoid458/HumanoidLTL_458_Humanoid_fixed_unrealizableS1.spectra,1,1,0.2783694360405206,0.2784814450424164,600.0,False,3,0
addedVarsHumanoid458,4,inputs-scalability/addedVarsHumanoid458/HumanoidLTL_458_Humanoid_fixed_unrealizableS1.spectra,1,1,0.1491997970733791,0.1494886809960007,600.0,False,2,0
addedVarsHumanoid458,5,inputs-scalability/addedVarsHumanoid458/HumanoidLTL_458_Humanoid_fixed_unrealizableS1.spectra,1,1,0.2254791790619492,0.2256053620949387,600.0,False,3,0
addedVarsHumanoid458,6,inputs-scalability/addedVarsHumanoid458/HumanoidLTL_458_Humanoid_fixed_unrealizableS1.spectra,1,1,0.1564863619860261,0.1565996140707284,600.0,False,2,0
addedVarsHumanoid458,7,inputs-scalability/addedVarsHumanoid458/HumanoidLTL_458_Humanoid_fixed_unrealizableS1.spectra,1,1,0.2718582819215953,0.2720470929052681,600.0,False,3,0
addedVarsHumanoid458,8,inputs-scalability/addedVarsHumanoid458/HumanoidLTL_458_Humanoid_fixed_unrealizableS1.spectra,1,1,0.2358671459369361,0.2360824409406632,600.0,False,3,0
addedVarsHumanoid458,9,inputs-scalability/addedVarsHumanoid458/HumanoidLTL_458_Humanoid_fixed_unrealizableS1.spectra,1,1,0.2597864500712603,0.2599143730476498,600.0,False,3,0
addedVarsHumanoid458,10,inputs-scalability/addedVarsHumanoid458/HumanoidLTL_458_Humanoid_fixed_unrealizableS1.spectra,1,1,0.2713628609199077,0.2714755260385573,600.0,False,3,0
addedVarsHumanoid458,1,inputs-scalability/addedVarsHumanoid458/HumanoidLTL_458_Humanoid_fixed_unrealizableS2.spectra,1,1,0.2807716461829841,0.2809631340205669,600.0,False,3,0
addedVarsHumanoid458,2,inputs-scalability/addedVarsHumanoid458/HumanoidLTL_458_Humanoid_fixed_unrealizableS2.spectra,1,1,0.1607233181130141,0.1608394940849393,600.0,False,2,0
addedVarsHumanoid458,3,inputs-scalability/addedVarsHumanoid458/HumanoidLTL_458_Humanoid_fixed_unrealizableS2.spectra,1,1,0.1526200880762189,0.1527394959703087,600.0,False,2,0
addedVarsHumanoid458,4,inputs-scalability/addedVarsHumanoid458/HumanoidLTL_458_Humanoid_fixed_unrealizableS2.spectra,1,1,0.1746436331886798,0.1747876422014087,600.0,False,2,0
addedVarsHumanoid458,5,inputs-scalability/addedVarsHumanoid458/HumanoidLTL_458_Humanoid_fixed_unrealizableS2.spectra,1,1,0.255481902975589,0.2555987350642681,600.0,False,3,0
addedVarsHumanoid458,6,inputs-scalability/addedVarsHumanoid458/HumanoidLTL_458_Humanoid_fixed_unrealizableS2.spectra,1,1,0.1631159849930554,0.1632330911234021,600.0,False,2,0
addedVarsHumanoid458,7,inputs-scalability/addedVarsHumanoid458/HumanoidLTL_458_Humanoid_fixed_unrealizableS2.spectra,1,1,0.2499626839999109,0.250076767988503,600.0,False,3,0
addedVarsHumanoid458,8,inputs-scalability/addedVarsHumanoid458/HumanoidLTL_458_Humanoid_fixed_unrealizableS2.spectra,1,1,0.1569632280152291,0.1570890250150114,600.0,False,2,0
addedVarsHumanoid458,9,inputs-scalability/addedVarsHumanoid458/HumanoidLTL_458_Humanoid_fixed_unrealizableS2.spectra,1,1,0.1534065078012645,0.1535210469737649,600.0,False,2,0
addedVarsHumanoid458,10,inputs-scalability/addedVarsHumanoid458/HumanoidLTL_458_Humanoid_fixed_unrealizableS2.spectra,1,1,0.1514628850854933,0.1515746191143989,600.0,False,2,0
addedVarsHumanoid458,1,inputs-scalability/addedVarsHumanoid458/HumanoidLTL_458_Humanoid_fixed_unrealizableS3.spectra,1,1,0.2568344818428159,0.2570338300429284,600.0,False,3,0
addedVarsHumanoid458,2,inputs-scalability/addedVarsHumanoid458/HumanoidLTL_458_Humanoid_fixed_unrealizableS3.spectra,1,1,0.3639672831632197,0.3642351950984448,600.0,False,3,0
addedVarsHumanoid458,3,inputs-scalability/addedVarsHumanoid458/HumanoidLTL_458_Humanoid_fixed_unrealizableS3.spectra,1,1,0.293349910993129,0.2934965689200908,600.0,False,3,0
addedVarsHumanoid458,4,inputs-scalability/addedVarsHumanoid458/HumanoidLTL_458_Humanoid_fixed_unrealizableS3.spectra,1,1,0.2854333259165287,0.2855624509975314,600.0,False,3,0
addedVarsHumanoid458,5,inputs-scalability/addedVarsHumanoid458/HumanoidLTL_458_Humanoid_fixed_unrealizableS3.spectra,1,1,0.1543289320543408,0.1544436009135097,600.0,False,2,0
addedVarsHumanoid458,6,inputs-scalability/addedVarsHumanoid458/HumanoidLTL_458_Humanoid_fixed_unrealizableS3.spectra,1,1,0.1392711400985717,0.1393948819022625,600.0,False,2,0
addedVarsHumanoid458,7,inputs-scalability/addedVarsHumanoid458/HumanoidLTL_458_Humanoid_fixed_unrealizableS3.spectra,1,1,0.2426614828873425,0.2427748809568584,600.0,False,3,0
addedVarsHumanoid458,8,inputs-scalability/addedVarsHumanoid458/HumanoidLTL_458_Humanoid_fixed_unrealizableS3.spectra,1,1,0.1817170411814004,0.1819053711369633,600.0,False,2,0
addedVarsHumanoid458,9,inputs-scalability/addedVarsHumanoid458/HumanoidLTL_458_Humanoid_fixed_unrealizableS3.spectra,1,1,0.1881550380494445,0.1882689381018281,600.0,False,2,0
addedVarsHumanoid458,10,inputs-scalability/addedVarsHumanoid458/HumanoidLTL_458_Humanoid_fixed_unrealizableS3.spectra,1,1,0.2993038459680974,0.2994188608136028,600.0,False,3,0
addedVarsHumanoid458,1,inputs-scalability/addedVarsHumanoid458/HumanoidLTL_458_Humanoid_fixed_unrealizableS4.spectra,1,1,0.1771534569561481,0.1773021519184112,600.0,False,2,0
addedVarsHumanoid458,2,inputs-scalability/addedVarsHumanoid458/HumanoidLTL_458_Humanoid_fixed_unrealizableS4.spectra,1,1,0.2647528829984367,0.2649486528243869,600.0,False,3,0
addedVarsHumanoid458,3,inputs-scalability/addedVarsHumanoid458/HumanoidLTL_458_Humanoid_fixed_unrealizableS4.spectra,1,1,0.16145043913275,0.1615984730888158,600.0,False,2,0
addedVarsHumanoid458,4,inputs-scalability/addedVarsHumanoid458/HumanoidLTL_458_Humanoid_fixed_unrealizableS4.spectra,1,1,0.2736811251379549,0.2738071579951793,600.0,False,3,0
addedVarsHumanoid458,5,inputs-scalability/addedVarsHumanoid458/HumanoidLTL_458_Humanoid_fixed_unrealizableS4.spectra,1,1,0.2425459169317037,0.2426645818632096,600.0,False,3,0
addedVarsHumanoid458,6,inputs-scalability/addedVarsHumanoid458/HumanoidLTL_458_Humanoid_fixed_unrealizableS4.spectra,1,1,0.283653014106676,0.2838667929172516,600.0,False,3,0
addedVarsHumanoid458,7,inputs-scalability/addedVarsHumanoid458/HumanoidLTL_458_Humanoid_fixed_unrealizableS4.spectra,1,1,0.138390596024692,0.1385464849881827,600.0,False,2,0
addedVarsHumanoid458,8,inputs-scalability/addedVarsHumanoid458/HumanoidLTL_458_Humanoid_fixed_unrealizableS4.spectra,1,1,0.2956284319516271,0.2958239400759339,600.0,False,3,0
addedVarsHumanoid458,9,inputs-scalability/addedVarsHumanoid458/HumanoidLTL_458_Humanoid_fixed_unrealizableS4.spectra,1,1,0.3094042760785669,0.3095919319894165,600.0,False,3,0
addedVarsHumanoid458,10,inputs-scalability/addedVarsHumanoid458/HumanoidLTL_458_Humanoid_fixed_unrealizableS4.spectra,1,1,0.2764286689925939,0.2765423560049385,600.0,False,3,0
addedVarsHumanoid458,1,inputs-scalability/addedVarsHumanoid458/HumanoidLTL_458_Humanoid_fixed_unrealizableS5.spectra,1,1,0.2349951670039445,0.2351107520516961,600.0,False,3,0
addedVarsHumanoid458,2,inputs-scalability/addedVarsHumanoid458/HumanoidLTL_458_Humanoid_fixed_unrealizableS5.spectra,1,1,0.2602736069820821,0.2604698080103844,600.0,False,3,0
addedVarsHumanoid458,3,inputs-scalability/addedVarsHumanoid458/HumanoidLTL_458_Humanoid_fixed_unrealizableS5.spectra,1,1,0.282984095159918,0.2830951791256666,600.0,False,3,0
addedVarsHumanoid458,4,inputs-scalability/addedVarsHumanoid458/HumanoidLTL_458_Humanoid_fixed_unrealizableS5.spectra,1,1,0.2115632819477468,0.2116927509196102,600.0,False,2,0
addedVarsHumanoid458,5,inputs-scalability/addedVarsHumanoid458/HumanoidLTL_458_Humanoid_fixed_unrealizableS5.spectra,1,1,0.1730489809997379,0.1731635280884802,600.0,False,2,0
addedVarsHumanoid458,6,inputs-scalability/addedVarsHumanoid458/HumanoidLTL_458_Humanoid_fixed_unrealizableS5.spectra,1,1,0.142593695083633,0.1427081781439483,600.0,False,2,0
addedVarsHumanoid458,7,inputs-scalability/addedVarsHumanoid458/HumanoidLTL_458_Humanoid_fixed_unrealizableS5.spectra,1,1,0.2583624811377376,0.2584740510210395,600.0,False,3,0
addedVarsHumanoid458,8,inputs-scalability/addedVarsHumanoid458/HumanoidLTL_458_Humanoid_fixed_unrealizableS5.spectra,1,1,0.1685487967915833,0.1687058107927441,600.0,False,2,0
addedVarsHumanoid458,9,inputs-scalability/addedVarsHumanoid458/HumanoidLTL_458_Humanoid_fixed_unrealizableS5.spectra,1,1,0.286342655075714,0.2864568720106035,600.0,False,3,0
addedVarsHumanoid458,10,inputs-scalability/addedVarsHumanoid458/HumanoidLTL_458_Humanoid_fixed_unrealizableS5.spectra,1,1,0.1727981399744749,0.1729118970688432,600.0,False,2,0
addedVarsLift,1,inputs-scalability/addedVarsLift/Lift.spectra,1,1,0.408379825996235,0.4085712858941406,600.0,False,7,0
addedVarsLift,2,inputs-scalability/addedVarsLift/Lift.spectra,1,1,0.1591621609404683,0.1592758658807724,600.0,False,2,0
addedVarsLift,3,inputs-scalability/addedVarsLift/Lift.spectra,1,1,0.1735254330560565,0.1737145490478724,600.0,False,2,0
addedVarsLift,4,inputs-scalability/addedVarsLift/Lift.spectra,1,1,0.15345886698924,0.1536569739691913,600.0,False,2,0
addedVarsLift,5,inputs-scalability/addedVarsLift/Lift.spectra,1,1,0.1216553370468318,0.1217841580510139,600.0,False,2,0
addedVarsLift,6,inputs-scalability/addedVarsLift/Lift.spectra,1,1,0.1494317390024662,0.1495548158418387,600.0,False,2,0
addedVarsLift,7,inputs-scalability/addedVarsLift/Lift.spectra,1,1,0.135983534855768,0.1361889208201319,600.0,False,2,0
addedVarsLift,8,inputs-scalability/addedVarsLift/Lift.spectra,1,1,0.1283717879559844,0.1286202759947627,600.0,False,2,0
addedVarsLift,9,inputs-scalability/addedVarsLift/Lift.spectra,1,1,0.1562518030405044,0.1564669969957322,600.0,False,2,0
addedVarsLift,10,inputs-scalability/addedVarsLift/Lift.spectra,1,1,0.1853850129991769,0.1855452770832926,600.0,False,2,0
addedVarsLift,1,inputs-scalability/addedVarsLift/LiftE1.spectra,1,1,0.1426397729665041,0.1427540138829499,600.0,False,2,0
addedVarsLift,2,inputs-scalability/addedVarsLift/LiftE1.spectra,1,1,0.1371025370899588,0.1372196699958294,600.0,False,2,0
addedVarsLift,3,inputs-scalability/addedVarsLift/LiftE1.spectra,1,1,0.1447848409879952,0.1449079199228435,600.0,False,2,0
addedVarsLift,4,inputs-scalability/addedVarsLift/LiftE1.spectra,1,1,0.1527700391598045,0.1529833420645445,600.0,False,2,0
addedVarsLift,5,inputs-scalability/addedVarsLift/LiftE1.spectra,1,1,0.1832805250305682,0.1834839980583638,600.0,False,2,0
addedVarsLift,6,inputs-scalability/addedVarsLift/LiftE1.spectra,1,1,0.3828874200116843,0.3830019240267575,600.0,False,7,0
addedVarsLift,7,inputs-scalability/addedVarsLift/LiftE1.spectra,1,1,0.2209018189460039,0.2211086559109389,600.0,False,2,0
addedVarsLift,8,inputs-scalability/addedVarsLift/LiftE1.spectra,1,1,0.4051431389525533,0.4052724400535226,600.0,False,6,0
addedVarsLift,9,inputs-scalability/addedVarsLift/LiftE1.spectra,1,1,0.2401227611117065,0.2402419510763138,600.0,False,2,0
addedVarsLift,10,inputs-scalability/addedVarsLift/LiftE1.spectra,1,1,0.1488894680514931,0.1490916900802403,600.0,False,2,0
addedVarsLift,1,inputs-scalability/addedVarsLift/LiftE2.spectra,1,1,0.1507949249353259,0.151008530985564,600.0,False,2,0
addedVarsLift,2,inputs-scalability/addedVarsLift/LiftE2.spectra,1,1,0.1286406340077519,0.1287525459192693,600.0,False,2,0
addedVarsLift,3,inputs-scalability/addedVarsLift/LiftE2.spectra,1,1,0.2097946021240204,0.2099869090598076,600.0,False,2,0
addedVarsLift,4,inputs-scalability/addedVarsLift/LiftE2.spectra,1,1,0.1629860859829932,0.1631823468487709,600.0,False,2,0
addedVarsLift,5,inputs-scalability/addedVarsLift/LiftE2.spectra,1,1,0.1696245989296585,0.1697414410300552,600.0,False,2,0
addedVarsLift,6,inputs-scalability/addedVarsLift/LiftE2.spectra,1,1,0.1482417869847268,0.1483569259289652,600.0,False,2,0
addedVarsLift,7,inputs-scalability/addedVarsLift/LiftE2.spectra,1,1,0.168335837079212,0.168481308966875,600.0,False,2,0
addedVarsLift,8,inputs-scalability/addedVarsLift/LiftE2.spectra,1,1,0.1603401219472289,0.1604590050410479,600.0,False,2,0
addedVarsLift,9,inputs-scalability/addedVarsLift/LiftE2.spectra,1,1,0.1461341849062591,0.1462483438663184,600.0,False,2,0
addedVarsLift,10,inputs-scalability/addedVarsLift/LiftE2.spectra,1,1,0.3646256448701024,0.3647514758631587,600.0,False,6,0
addedVarsLift,1,inputs-scalability/addedVarsLift/LiftE3.spectra,1,1,0.165075538912788,0.1651913148816675,600.0,False,2,0
addedVarsLift,2,inputs-scalability/addedVarsLift/LiftE3.spectra,1,1,0.1668748930096626,0.1669907399918884,600.0,False,2,0
addedVarsLift,3,inputs-scalability/addedVarsLift/LiftE3.spectra,1,1,0.1436556419357657,0.1437656809575855,600.0,False,2,0
addedVarsLift,4,inputs-scalability/addedVarsLift/LiftE3.spectra,1,1,0.3965442730113864,0.3967418901156634,600.0,False,6,0
addedVarsLift,5,inputs-scalability/addedVarsLift/LiftE3.spectra,1,1,0.124988648109138,0.1251835201401263,600.0,False,2,0
addedVarsLift,6,inputs-scalability/addedVarsLift/LiftE3.spectra,1,1,0.1387131279334426,0.138925754930824,600.0,False,2,0
addedVarsLift,7,inputs-scalability/addedVarsLift/LiftE3.spectra,1,1,0.3889856799505651,0.3891179088968783,600.0,False,6,0
addedVarsLift,8,inputs-scalability/addedVarsLift/LiftE3.spectra,1,1,0.4090086130890995,0.4091346061322838,600.0,False,6,0
addedVarsLift,9,inputs-scalability/addedVarsLift/LiftE3.spectra,1,1,0.4114416090305894,0.4116424061357975,600.0,False,7,0
addedVarsLift,10,inputs-scalability/addedVarsLift/LiftE3.spectra,1,1,0.2129991769324988,0.2131691209506243,600.0,False,2,0
addedVarsLift,1,inputs-scalability/addedVarsLift/LiftE4.spectra,1,1,0.1446833130903542,0.1447974520269781,600.0,False,2,0
addedVarsLift,2,inputs-scalability/addedVarsLift/LiftE4.spectra,1,1,0.1553048579953611,0.1554244519211352,600.0,False,2,0
addedVarsLift,3,inputs-scalability/addedVarsLift/LiftE4.spectra,1,1,0.1423762838821858,0.1425206889398396,600.0,False,2,0
addedVarsLift,4,inputs-scalability/addedVarsLift/LiftE4.spectra,1,1,0.4587768190540373,0.4589672000147402,600.0,False,7,0
addedVarsLift,5,inputs-scalability/addedVarsLift/LiftE4.spectra,1,1,0.1749098999425768,0.17511195410043,600.0,False,2,0
addedVarsLift,6,inputs-scalability/addedVarsLift/LiftE4.spectra,1,1,0.1564089402090758,0.156524864025414,600.0,False,2,0
addedVarsLift,7,inputs-scalability/addedVarsLift/LiftE4.spectra,1,1,0.4198193510528654,0.4199471410829574,600.0,False,7,0
addedVarsLift,8,inputs-scalability/addedVarsLift/LiftE4.spectra,1,1,0.1688930669333785,0.1690091560594737,600.0,False,2,0
addedVarsLift,9,inputs-scalability/addedVarsLift/LiftE4.spectra,1,1,0.1543151391670107,0.1544353330973535,600.0,False,2,0
addedVarsLift,10,inputs-scalability/addedVarsLift/LiftE4.spectra,1,1,0.5368880250025541,0.5370818071532995,600.0,False,7,0
addedVarsLift,1,inputs-scalability/addedVarsLift/LiftE5.spectra,1,1,0.1731539990287274,0.1733510650228709,600.0,False,2,0
addedVarsLift,2,inputs-scalability/addedVarsLift/LiftE5.spectra,1,1,0.1779735998716205,0.1780916599091142,600.0,False,2,0
addedVarsLift,3,inputs-scalability/addedVarsLift/LiftE5.spectra,1,1,0.1835210239514708,0.1836890999693423,600.0,False,2,0
addedVarsLift,4,inputs-scalability/addedVarsLift/LiftE5.spectra,1,1,0.4718765551224351,0.4720725400839001,600.0,False,7,0
addedVarsLift,5,inputs-scalability/addedVarsLift/LiftE5.spectra,1,1,0.1644535909872502,0.1646421169862151,600.0,False,2,0
addedVarsLift,6,inputs-scalability/addedVarsLift/LiftE5.spectra,1,1,0.4488695901818573,0.4490580940619111,600.0,False,6,0
addedVarsLift,7,inputs-scalability/addedVarsLift/LiftE5.spectra,1,1,0.17760692210868,0.1777214820031076,600.0,False,2,0
addedVarsLift,8,inputs-scalability/addedVarsLift/LiftE5.spectra,1,1,0.1862956811673939,0.1864089982118457,600.0,False,2,0
addedVarsLift,9,inputs-scalability/addedVarsLift/LiftE5.spectra,1,1,0.175012829946354,0.1752054500393569,600.0,False,2,0
addedVarsLift,10,inputs-scalability/addedVarsLift/LiftE5.spectra,1,1,0.1606936301104724,0.1608082370366901,600.0,False,2,0
addedVarsLift,1,inputs-scalability/addedVarsLift/LiftS1.spectra,1,1,0.1502368801739066,0.150349757168442,600.0,False,2,0
addedVarsLift,2,inputs-scalability/addedVarsLift/LiftS1.spectra,1,1,0.4045110030565411,0.4046539161354303,600.0,False,7,0
addedVarsLift,3,inputs-scalability/addedVarsLift/LiftS1.spectra,1,1,0.1773968869820237,0.1775082789827138,600.0,False,2,0
addedVarsLift,4,inputs-scalability/addedVarsLift/LiftS1.spectra,1,1,0.154304260155186,0.1544182081706822,600.0,False,2,0
addedVarsLift,5,inputs-scalability/addedVarsLift/LiftS1.spectra,1,1,0.1346230879426002,0.1347706869710236,600.0,False,2,0
addedVarsLift,6,inputs-scalability/addedVarsLift/LiftS1.spectra,1,1,0.1384470509365201,0.1385731450282037,600.0,False,2,0
addedVarsLift,7,inputs-scalability/addedVarsLift/LiftS1.spectra,1,1,0.1316213738173246,0.1318344848696142,600.0,False,2,0
addedVarsLift,8,inputs-scalability/addedVarsLift/LiftS1.spectra,1,1,0.1364006008952856,0.1365128348115831,600.0,False,2,0
addedVarsLift,9,inputs-scalability/addedVarsLift/LiftS1.spectra,1,1,0.1245024770032614,0.124645184027031,600.0,False,2,0
addedVarsLift,10,inputs-scalability/addedVarsLift/LiftS1.spectra,1,1,0.1488379000220447,0.1489511479157954,600.0,False,2,0
addedVarsLift,1,inputs-scalability/addedVarsLift/LiftS2.spectra,1,1,0.4059406348969787,0.4061100690159946,600.0,False,6,0
addedVarsLift,2,inputs-scalability/addedVarsLift/LiftS2.spectra,1,1,0.1262097109574824,0.1263330259826034,600.0,False,2,0
addedVarsLift,3,inputs-scalability/addedVarsLift/LiftS2.spectra,1,1,0.1635570789221674,0.1636849760543555,600.0,False,2,0
addedVarsLift,4,inputs-scalability/addedVarsLift/LiftS2.spectra,1,1,0.3944545988924801,0.3946429509669542,600.0,False,7,0
addedVarsLift,5,inputs-scalability/addedVarsLift/LiftS2.spectra,1,1,0.3738726538140327,0.3740474670194089,600.0,False,7,0
addedVarsLift,6,inputs-scalability/addedVarsLift/LiftS2.spectra,1,1,0.3881029319018125,0.3882901289034635,600.0,False,6,0
addedVarsLift,7,inputs-scalability/addedVarsLift/LiftS2.spectra,1,1,0.3693805600050837,0.3694931829813868,600.0,False,7,0
addedVarsLift,8,inputs-scalability/addedVarsLift/LiftS2.spectra,1,1,0.417936636833474,0.418128308840096,600.0,False,7,0
addedVarsLift,9,inputs-scalability/addedVarsLift/LiftS2.spectra,1,1,0.1461371339391917,0.1462884629145264,600.0,False,2,0
addedVarsLift,10,inputs-scalability/addedVarsLift/LiftS2.spectra,1,1,0.189968341961503,0.1901621129363775,600.0,False,2,0
addedVarsLift,1,inputs-scalability/addedVarsLift/LiftS3.spectra,1,1,0.132160629145801,0.132272076094523,600.0,False,2,0
addedVarsLift,2,inputs-scalability/addedVarsLift/LiftS3.spectra,1,1,0.1536961940582841,0.1538129071705043,600.0,False,2,0
addedVarsLift,3,inputs-scalability/addedVarsLift/LiftS3.spectra,1,1,0.1603511639405042,0.1605674619786441,600.0,False,2,0
addedVarsLift,4,inputs-scalability/addedVarsLift/LiftS3.spectra,1,1,0.1781613179482519,0.1783669199794531,600.0,False,2,0
addedVarsLift,5,inputs-scalability/addedVarsLift/LiftS3.spectra,1,1,0.3553130850195884,0.3554333110805601,600.0,False,6,0
addedVarsLift,6,inputs-scalability/addedVarsLift/LiftS3.spectra,1,1,0.1762883239425718,0.1764815880451351,600.0,False,2,0
addedVarsLift,7,inputs-scalability/addedVarsLift/LiftS3.spectra,1,1,0.125950023997575,0.1260776899289339,600.0,False,2,0
addedVarsLift,8,inputs-scalability/addedVarsLift/LiftS3.spectra,1,1,0.1492925039492547,0.1494837601203471,600.0,False,2,0
addedVarsLift,9,inputs-scalability/addedVarsLift/LiftS3.spectra,1,1,0.1906489729881286,0.1908316849730909,600.0,False,2,0
addedVarsLift,10,inputs-scalability/addedVarsLift/LiftS3.spectra,1,1,0.1300858140457421,0.1301994789391756,600.0,False,2,0
addedVarsLift,1,inputs-scalability/addedVarsLift/LiftS4.spectra,1,1,0.1675775379408151,0.1677007048856467,600.0,False,2,0
addedVarsLift,2,inputs-scalability/addedVarsLift/LiftS4.spectra,1,1,0.1476709509734064,0.1478821840137243,600.0,False,2,0
addedVarsLift,3,inputs-scalability/addedVarsLift/LiftS4.spectra,1,1,0.1621464318595826,0.1622605149168521,600.0,False,2,0
addedVarsLift,4,inputs-scalability/addedVarsLift/LiftS4.spectra,1,1,0.3774676818866282,0.3775869258679449,600.0,False,6,0
addedVarsLift,5,inputs-scalability/addedVarsLift/LiftS4.spectra,1,1,0.1273849699646234,0.1274994029663503,600.0,False,2,0
addedVarsLift,6,inputs-scalability/addedVarsLift/LiftS4.spectra,1,1,0.4119539340026676,0.4121517359744757,600.0,False,7,0
addedVarsLift,7,inputs-scalability/addedVarsLift/LiftS4.spectra,1,1,0.1214645518921315,0.1216767290607094,600.0,False,2,0
addedVarsLift,8,inputs-scalability/addedVarsLift/LiftS4.spectra,1,1,0.1265632349532097,0.1267709280364215,600.0,False,2,0
addedVarsLift,9,inputs-scalability/addedVarsLift/LiftS4.spectra,1,1,0.149976777844131,0.1502098108176142,600.0,False,2,0
addedVarsLift,10,inputs-scalability/addedVarsLift/LiftS4.spectra,1,1,0.1326033051591366,0.1327128731645643,600.0,False,2,0
addedVarsLift,1,inputs-scalability/addedVarsLift/LiftS5.spectra,1,1,0.1299938529264181,0.1301086770836264,600.0,False,2,0
addedVarsLift,2,inputs-scalability/addedVarsLift/LiftS5.spectra,1,1,0.4673043549992144,0.4674541850108653,600.0,False,7,0
addedVarsLift,3,inputs-scalability/addedVarsLift/LiftS5.spectra,1,1,0.4238339010626077,0.4240312820766121,600.0,False,7,0
addedVarsLift,4,inputs-scalability/addedVarsLift/LiftS5.spectra,1,1,0.1530273989774286,0.1532134758308529,600.0,False,2,0
addedVarsLift,5,inputs-scalability/addedVarsLift/LiftS5.spectra,1,1,0.3776958480011672,0.3778467529918998,600.0,False,6,0
addedVarsLift,6,inputs-scalability/addedVarsLift/LiftS5.spectra,1,1,0.1436196470167487,0.1437356229871511,600.0,False,2,0
addedVarsLift,7,inputs-scalability/addedVarsLift/LiftS5.spectra,1,1,0.1780033039394766,0.1781234377995133,600.0,False,2,0
addedVarsLift,8,inputs-scalability/addedVarsLift/LiftS5.spectra,1,1,0.4062708120327443,0.4064612041693181,600.0,False,6,0
addedVarsLift,9,inputs-scalability/addedVarsLift/LiftS5.spectra,1,1,0.1266734190285205,0.1267869248986244,600.0,False,2,0
addedVarsLift,10,inputs-scalability/addedVarsLift/LiftS5.spectra,1,1,0.1309316258411854,0.1310447959695011,600.0,False,2,0
addedVarsRG1,1,inputs-scalability/addedVarsRG1/RG1.spectra,1,1,0.1826679860241711,0.1828531948849558,600.0,False,3,0
addedVarsRG1,2,inputs-scalability/addedVarsRG1/RG1.spectra,1,1,0.3287392740603536,0.32902761711739,600.0,False,5,0
addedVarsRG1,3,inputs-scalability/addedVarsRG1/RG1.spectra,1,1,0.6622379161417484,0.6623554080724716,600.0,False,9,0
addedVarsRG1,4,inputs-scalability/addedVarsRG1/RG1.spectra,1,1,0.3073038680013269,0.3074210251215845,600.0,False,4,0
addedVarsRG1,5,inputs-scalability/addedVarsRG1/RG1.spectra,1,1,0.3602043730206787,0.3603165720123797,600.0,False,5,0
addedVarsRG1,6,inputs-scalability/addedVarsRG1/RG1.spectra,1,1,0.1317343758419156,0.1318479247856885,600.0,False,2,0
addedVarsRG1,7,inputs-scalability/addedVarsRG1/RG1.spectra,1,1,0.2037081960588693,0.2039093968924135,600.0,False,3,0
addedVarsRG1,8,inputs-scalability/addedVarsRG1/RG1.spectra,1,1,0.1151539599522948,0.1153401678893715,600.0,False,2,0
addedVarsRG1,9,inputs-scalability/addedVarsRG1/RG1.spectra,1,1,0.4055830440483987,0.4056977031286806,600.0,False,6,0
addedVarsRG1,10,inputs-scalability/addedVarsRG1/RG1.spectra,1,1,0.1484938128851354,0.1486881908494979,600.0,False,2,0
addedVarsRG1,1,inputs-scalability/addedVarsRG1/RG1E1.spectra,1,1,0.3603889860678464,0.3605828620493412,600.0,False,5,0
addedVarsRG1,2,inputs-scalability/addedVarsRG1/RG1E1.spectra,1,1,0.1765738551039248,0.1766874331515282,600.0,False,3,0
addedVarsRG1,3,inputs-scalability/addedVarsRG1/RG1E1.spectra,1,1,0.5942268040962517,0.5943746820557863,600.0,False,8,0
addedVarsRG1,4,inputs-scalability/addedVarsRG1/RG1E1.spectra,1,1,0.4489262241404503,0.4490461610257625,600.0,False,6,0
addedVarsRG1,5,inputs-scalability/addedVarsRG1/RG1E1.spectra,1,1,0.3359348939266056,0.3361527370288968,600.0,False,5,0
addedVarsRG1,6,inputs-scalability/addedVarsRG1/RG1E1.spectra,1,1,0.2723673130385577,0.2724928490351885,600.0,False,4,0
addedVarsRG1,7,inputs-scalability/addedVarsRG1/RG1E1.spectra,1,1,0.4117511280346662,0.4119446768891066,600.0,False,6,0
addedVarsRG1,8,inputs-scalability/addedVarsRG1/RG1E1.spectra,1,1,0.0918430760502815,0.0919941361062228,600.0,False,2,0
addedVarsRG1,9,inputs-scalability/addedVarsRG1/RG1E1.spectra,1,1,0.2883516419678926,0.2885474839713424,600.0,False,4,0
addedVarsRG1,10,inputs-scalability/addedVarsRG1/RG1E1.spectra,1,1,0.0990392188541591,0.0991921129170805,600.0,False,2,0
addedVarsRG1,1,inputs-scalability/addedVarsRG1/RG1E2.spectra,1,1,0.288630137918517,0.2888440850656479,600.0,False,4,0
addedVarsRG1,2,inputs-scalability/addedVarsRG1/RG1E2.spectra,1,1,0.2718211789615452,0.2719310049433261,600.0,False,4,0
addedVarsRG1,3,inputs-scalability/addedVarsRG1/RG1E2.spectra,1,1,0.2051598499529063,0.2052717828191816,600.0,False,3,0
addedVarsRG1,4,inputs-scalability/addedVarsRG1/RG1E2.spectra,1,1,0.3092971800360828,0.3094284448307007,600.0,False,4,0
addedVarsRG1,5,inputs-scalability/addedVarsRG1/RG1E2.spectra,1,1,0.3254717900417745,0.3255873350426554,600.0,False,4,0
addedVarsRG1,6,inputs-scalability/addedVarsRG1/RG1E2.spectra,1,1,0.139235173119232,0.1393474780488759,600.0,False,2,0
addedVarsRG1,7,inputs-scalability/addedVarsRG1/RG1E2.spectra,1,1,0.745986778056249,0.7461755808908492,600.0,False,10,0
addedVarsRG1,8,inputs-scalability/addedVarsRG1/RG1E2.spectra,1,1,0.5470353909768164,0.5471467378083616,600.0,False,8,1
addedVarsRG1,9,inputs-scalability/addedVarsRG1/RG1E2.spectra,1,1,0.2642105799168348,0.2643254280555993,600.0,False,4,0
addedVarsRG1,10,inputs-scalability/addedVarsRG1/RG1E2.spectra,1,1,0.2085026591084897,0.208694671979174,600.0,False,3,0
addedVarsRG1,1,inputs-scalability/addedVarsRG1/RG1E3.spectra,1,1,0.3605705529917031,0.3606832369696349,600.0,False,5,0
addedVarsRG1,2,inputs-scalability/addedVarsRG1/RG1E3.spectra,1,1,0.2039052019827067,0.2041183309629559,600.0,False,3,0
addedVarsRG1,3,inputs-scalability/addedVarsRG1/RG1E3.spectra,1,1,0.3747047379147261,0.3748862671200186,600.0,False,5,0
addedVarsRG1,4,inputs-scalability/addedVarsRG1/RG1E3.spectra,1,1,0.3288800988811999,0.3290744288824498,600.0,False,4,0
addedVarsRG1,5,inputs-scalability/addedVarsRG1/RG1E3.spectra,1,1,0.264002449112013,0.2641993619035929,600.0,False,4,0
addedVarsRG1,6,inputs-scalability/addedVarsRG1/RG1E3.spectra,1,1,0.4168898300267756,0.4171074340119958,600.0,False,5,0
addedVarsRG1,7,inputs-scalability/addedVarsRG1/RG1E3.spectra,1,1,0.1989047350361943,0.1990362871438264,600.0,False,3,0
addedVarsRG1,8,inputs-scalability/addedVarsRG1/RG1E3.spectra,1,1,0.2813723781146109,0.281508349115029,600.0,False,4,0
addedVarsRG1,9,inputs-scalability/addedVarsRG1/RG1E3.spectra,1,1,0.5234543872065842,0.523719176184386,600.0,False,7,0
addedVarsRG1,10,inputs-scalability/addedVarsRG1/RG1E3.spectra,1,1,0.3236892509739846,0.3238214529119432,600.0,False,4,0
addedVarsRG1,1,inputs-scalability/addedVarsRG1/RG1E4.spectra,1,1,0.1929572368972003,0.1930704349651932,600.0,False,3,0
addedVarsRG1,2,inputs-scalability/addedVarsRG1/RG1E4.spectra,1,1,0.3590837479569018,0.359194696880877,600.0,False,4,0
addedVarsRG1,3,inputs-scalability/addedVarsRG1/RG1E4.spectra,1,1,0.627001189859584,0.6271980009041727,600.0,False,8,1
addedVarsRG1,4,inputs-scalability/addedVarsRG1/RG1E4.spectra,1,1,0.1181571439374238,0.1182679969351738,600.0,False,2,0
addedVarsRG1,5,inputs-scalability/addedVarsRG1/RG1E4.spectra,1,1,0.4008413450792432,0.4009532970376313,600.0,False,5,0
addedVarsRG1,6,inputs-scalability/addedVarsRG1/RG1E4.spectra,1,1,0.1281806961633265,0.1283063660375774,600.0,False,2,0
addedVarsRG1,7,inputs-scalability/addedVarsRG1/RG1E4.spectra,1,1,0.4327505668625235,0.4328656089492142,600.0,False,5,0
addedVarsRG1,8,inputs-scalability/addedVarsRG1/RG1E4.spectra,1,1,0.110009070020169,0.11012341408059,600.0,False,2,0
addedVarsRG1,9,inputs-scalability/addedVarsRG1/RG1E4.spectra,1,1,0.1957838051021099,0.1958973249420523,600.0,False,3,0
addedVarsRG1,10,inputs-scalability/addedVarsRG1/RG1E4.spectra,1,1,0.2808158311527222,0.2809310220181942,600.0,False,4,0
addedVarsRG1,1,inputs-scalability/addedVarsRG1/RG1E5.spectra,1,1,0.682607239112258,0.6827259650453925,600.0,False,6,0
addedVarsRG1,2,inputs-scalability/addedVarsRG1/RG1E5.spectra,1,1,0.2319944209884852,0.2321095489896834,600.0,False,3,0
addedVarsRG1,3,inputs-scalability/addedVarsRG1/RG1E5.spectra,1,1,0.3553314080927521,0.3554455500561744,600.0,False,4,0
addedVarsRG1,4,inputs-scalability/addedVarsRG1/RG1E5.spectra,1,1,0.1123814529273659,0.1125922950450331,600.0,False,2,0
addedVarsRG1,5,inputs-scalability/addedVarsRG1/RG1E5.spectra,1,1,0.3431115350686013,0.3432589361909777,600.0,False,3,0
addedVarsRG1,6,inputs-scalability/addedVarsRG1/RG1E5.spectra,1,1,0.3599342028610408,0.3600494160782546,600.0,False,4,0
addedVarsRG1,7,inputs-scalability/addedVarsRG1/RG1E5.spectra,1,1,0.1135899911168962,0.1137233050540089,600.0,False,2,0
addedVarsRG1,8,inputs-scalability/addedVarsRG1/RG1E5.spectra,1,1,0.5747645241208375,0.5748775990214199,600.0,False,6,0
addedVarsRG1,9,inputs-scalability/addedVarsRG1/RG1E5.spectra,1,1,0.2220481829717755,0.222223165910691,600.0,False,3,0
addedVarsRG1,10,inputs-scalability/addedVarsRG1/RG1E5.spectra,1,1,0.6000588638707995,0.600194479804486,600.0,False,6,0
addedVarsRG1,1,inputs-scalability/addedVarsRG1/RG1S1.spectra,1,1,0.2346394050400704,0.2347562811337411,600.0,False,3,0
addedVarsRG1,2,inputs-scalability/addedVarsRG1/RG1S1.spectra,1,1,0.3434591079130769,0.3435826669447124,600.0,False,5,0
addedVarsRG1,3,inputs-scalability/addedVarsRG1/RG1S1.spectra,1,1,0.3759080129675567,0.3760186368599534,600.0,False,5,0
addedVarsRG1,4,inputs-scalability/addedVarsRG1/RG1S1.spectra,1,1,0.2920691289473325,0.2922875229269266,600.0,False,4,0
addedVarsRG1,5,inputs-scalability/addedVarsRG1/RG1S1.spectra,1,1,0.3333809459581971,0.3334978749044239,600.0,False,5,0
addedVarsRG1,6,inputs-scalability/addedVarsRG1/RG1S1.spectra,1,1,0.3581958909053355,0.3583896989002824,600.0,False,5,0
addedVarsRG1,7,inputs-scalability/addedVarsRG1/RG1S1.spectra,1,1,0.3104028068482876,0.3105479869991541,600.0,False,5,0
addedVarsRG1,8,inputs-scalability/addedVarsRG1/RG1S1.spectra,1,1,0.3549026600085199,0.3550186750944704,600.0,False,5,0
addedVarsRG1,9,inputs-scalability/addedVarsRG1/RG1S1.spectra,1,1,0.5289129030425102,0.5291273340117186,600.0,False,8,1
addedVarsRG1,10,inputs-scalability/addedVarsRG1/RG1S1.spectra,1,1,0.167663011001423,0.1677761059254408,600.0,False,3,0
addedVarsRG1,1,inputs-scalability/addedVarsRG1/RG1S2.spectra,1,1,0.1028350521810352,0.1029527829959988,600.0,False,2,0
addedVarsRG1,2,inputs-scalability/addedVarsRG1/RG1S2.spectra,1,1,0.2638526579830795,0.2639662669971585,600.0,False,4,0
addedVarsRG1,3,inputs-scalability/addedVarsRG1/RG1S2.spectra,1,1,0.2707472380716353,0.2708945330232382,600.0,False,4,0
addedVarsRG1,4,inputs-scalability/addedVarsRG1/RG1S2.spectra,1,1,0.1518748209346085,0.1521484288387,600.0,False,2,0
addedVarsRG1,5,inputs-scalability/addedVarsRG1/RG1S2.spectra,1,1,0.4664670769125223,0.4666154638398438,600.0,False,6,0
addedVarsRG1,6,inputs-scalability/addedVarsRG1/RG1S2.spectra,1,1,0.2599738121498376,0.2600872570183128,600.0,False,4,0
addedVarsRG1,7,inputs-scalability/addedVarsRG1/RG1S2.spectra,1,1,0.1302365080919116,0.1304252240806818,600.0,False,2,0
addedVarsRG1,8,inputs-scalability/addedVarsRG1/RG1S2.spectra,1,1,0.1012197029776871,0.10133643518202,600.0,False,2,0
addedVarsRG1,9,inputs-scalability/addedVarsRG1/RG1S2.spectra,1,1,0.2953499779105186,0.2955490350723266,600.0,False,4,0
addedVarsRG1,10,inputs-scalability/addedVarsRG1/RG1S2.spectra,1,1,0.2552768248133361,0.2554698789026588,600.0,False,4,0
addedVarsRG1,1,inputs-scalability/addedVarsRG1/RG1S3.spectra,1,1,0.4756535589694977,0.4757658638991415,600.0,False,6,0
addedVarsRG1,2,inputs-scalability/addedVarsRG1/RG1S3.spectra,1,1,0.2576710458379239,0.2578891548328101,600.0,False,4,0
addedVarsRG1,3,inputs-scalability/addedVarsRG1/RG1S3.spectra,1,1,0.3721857469063252,0.3723323049489409,600.0,False,5,0
addedVarsRG1,4,inputs-scalability/addedVarsRG1/RG1S3.spectra,1,1,0.2964691380038857,0.2965861060656607,600.0,False,4,0
addedVarsRG1,5,inputs-scalability/addedVarsRG1/RG1S3.spectra,1,1,0.6516842420678586,0.6518082220572978,600.0,False,9,0
addedVarsRG1,6,inputs-scalability/addedVarsRG1/RG1S3.spectra,1,1,0.2815060559660196,0.2816308699548244,600.0,False,4,0
addedVarsRG1,7,inputs-scalability/addedVarsRG1/RG1S3.spectra,1,1,0.1356203709729015,0.1357367669697851,600.0,False,2,0
addedVarsRG1,8,inputs-scalability/addedVarsRG1/RG1S3.spectra,1,1,0.5056582801043987,0.505806488217786,600.0,False,7,0
addedVarsRG1,9,inputs-scalability/addedVarsRG1/RG1S3.spectra,1,1,0.1145622008480131,0.1147817838937044,600.0,False,2,0
addedVarsRG1,10,inputs-scalability/addedVarsRG1/RG1S3.spectra,1,1,0.5236091148108244,0.5237204160075635,600.0,False,8,1
addedVarsRG1,1,inputs-scalability/addedVarsRG1/RG1S4.spectra,1,1,0.3592920769006014,0.3594384749885648,600.0,False,5,0
addedVarsRG1,2,inputs-scalability/addedVarsRG1/RG1S4.spectra,1,1,0.1860608069691807,0.1862094539683312,600.0,False,3,0
addedVarsRG1,3,inputs-scalability/addedVarsRG1/RG1S4.spectra,1,1,0.3072232620324939,0.3074158860836178,600.0,False,4,0
addedVarsRG1,4,inputs-scalability/addedVarsRG1/RG1S4.spectra,1,1,0.2980055909138173,0.2981267808936536,600.0,False,4,0
addedVarsRG1,5,inputs-scalability/addedVarsRG1/RG1S4.spectra,1,1,0.2472521560266614,0.2473654020577669,600.0,False,4,0
addedVarsRG1,6,inputs-scalability/addedVarsRG1/RG1S4.spectra,1,1,0.3653991590254009,0.3655246312264353,600.0,False,5,0
addedVarsRG1,7,inputs-scalability/addedVarsRG1/RG1S4.spectra,1,1,0.6784027619287372,0.678549638018012,600.0,False,10,0
addedVarsRG1,8,inputs-scalability/addedVarsRG1/RG1S4.spectra,1,1,0.6244398190174252,0.6245665289461613,600.0,False,8,0
addedVarsRG1,9,inputs-scalability/addedVarsRG1/RG1S4.spectra,1,1,0.2627799790352583,0.2628922760486603,600.0,False,4,0
addedVarsRG1,10,inputs-scalability/addedVarsRG1/RG1S4.spectra,1,1,0.4197202639188617,0.4198669989127666,600.0,False,6,0
addedVarsRG1,1,inputs-scalability/addedVarsRG1/RG1S5.spectra,1,1,0.1225614650174975,0.1226727999746799,600.0,False,2,0
addedVarsRG1,2,inputs-scalability/addedVarsRG1/RG1S5.spectra,1,1,0.3085631469730288,0.3086784151382744,600.0,False,4,0
addedVarsRG1,3,inputs-scalability/addedVarsRG1/RG1S5.spectra,1,1,0.1775854141451418,0.1776998511049896,600.0,False,3,0
addedVarsRG1,4,inputs-scalability/addedVarsRG1/RG1S5.spectra,1,1,0.3858069090638309,0.3860056900884956,600.0,False,5,0
addedVarsRG1,5,inputs-scalability/addedVarsRG1/RG1S5.spectra,1,1,0.3377566537819803,0.3378707529045641,600.0,False,4,0
addedVarsRG1,6,inputs-scalability/addedVarsRG1/RG1S5.spectra,1,1,0.2771080911625176,0.2772237609606236,600.0,False,4,0
addedVarsRG1,7,inputs-scalability/addedVarsRG1/RG1S5.spectra,1,1,0.2474505710415542,0.2475600519683212,600.0,False,4,0
addedVarsRG1,8,inputs-scalability/addedVarsRG1/RG1S5.spectra,1,1,0.513037245022133,0.513235533842817,600.0,False,7,0
addedVarsRG1,9,inputs-scalability/addedVarsRG1/RG1S5.spectra,1,1,0.1866474798880517,0.1867613547947257,600.0,False,3,0
addedVarsRG1,10,inputs-scalability/addedVarsRG1/RG1S5.spectra,1,1,0.2891857319045812,0.2892973530106246,600.0,False,4,0
