Id,Refinement,ElapsedTime,Timestamp,TimestampRealizabilityCheck,Length,Parent,NumChildren,IsYSat,IsRealizable,IsSatisfiable,IsWellSeparated,IsSolution,TimeYSatCheck,TimeRealizabilityCheck,TimeSatisfiabilityCheck,TimeWellSeparationCheck,TimeCounterstrategy,CounterstrategyNumStates,TimeRefine,TimeGenerationMethod
d7892148-29b4-48a6-bb5a-fb99f3816dd0,[],0.20246441615745425,0,0,0,N/A,4,True,False,N/A,N/A,False,0.02256453107111156,0.24467368912883103,N/A,N/A,0.034132153959944844,7,8.759391494095325e-05,0.1304061298724264
77d22d12-9102-49fc-8821-1921901e9aae,['G(!(!inputMoveMode_1 & !(!inputMoveMode_2 & inputMoveMode_1 & inputMoveMode_0) & !inputMoveMode_0 & !inputMoveMode_2 & !(inputMoveMode_1 & inputMoveMode_0 & inputMoveMode_2) & !button_0 & !obstacle_0 & !(inputMoveMode_2 & !inputMoveMode_1 & inputMoveMode_0)))'],0.3584969290532172,0.20106622902676463,0.2528527472168207,1,d7892148-29b4-48a6-bb5a-fb99f3816dd0,1,True,False,N/A,N/A,False,0.03464098693802953,0.010249625891447067,N/A,N/A,0.018331678118556738,7,7.914798334240913e-05,0.06409321399405599
3aeba3a1-f67d-4c26-9aae-9106172d2ba4,['!(!inputMoveMode_0 & inputMoveMode_2 & !obstacle_0 & !(inputMoveMode_1 & inputMoveMode_0 & inputMoveMode_2) & !(inputMoveMode_2 & !inputMoveMode_1 & inputMoveMode_0) & !button_0 & !(!inputMoveMode_2 & inputMoveMode_1 & inputMoveMode_0) & inputMoveMode_1)'],0.5740160851273686,0.20107875601388514,0.4153885841369629,1,d7892148-29b4-48a6-bb5a-fb99f3816dd0,4,True,False,N/A,N/A,False,0.038781973998993635,0.01331183803267777,N/A,N/A,0.023742529097944498,7,8.233101107180119e-05,0.10434637987054884
f5b1d34e-c2c9-4431-9de9-3f940db9b8d1,['G((!inputMoveMode_0 & inputMoveMode_2 & !obstacle_0 & !(inputMoveMode_1 & inputMoveMode_0 & inputMoveMode_2) & !(inputMoveMode_2 & !inputMoveMode_1 & inputMoveMode_0) & !button_0 & !(!inputMoveMode_2 & inputMoveMode_1 & inputMoveMode_0) & inputMoveMode_1) -> X(!(!(inputMoveMode_2 & !inputMoveMode_1 & inputMoveMode_0) & !button_0 & !(!inputMoveMode_2 & inputMoveMode_1 & inputMoveMode_0) & !inputMoveMode_0 & !(inputMoveMode_1 & inputMoveMode_0 & inputMoveMode_2) & obstacle_0 & !inputMoveMode_1 & !inputMoveMode_2)))'],0.9835787122137845,0.20108483615331352,0.6262038971763104,1,d7892148-29b4-48a6-bb5a-fb99f3816dd0,0,True,False,N/A,N/A,False,0.02180497581139207,0.024797572987154126,N/A,N/A,0.024697382003068924,7,2.470333129167557e-07,0.3107187289278954
b35d0b4f-7f22-45b9-8583-74e8f300f186,['G((!(inputMoveMode_2 & !inputMoveMode_1 & inputMoveMode_0) & !button_0 & !(!inputMoveMode_2 & inputMoveMode_1 & inputMoveMode_0) & !inputMoveMode_0 & !(inputMoveMode_1 & inputMoveMode_0 & inputMoveMode_2) & obstacle_0 & !inputMoveMode_1 & !inputMoveMode_2) -> X(!(!inputMoveMode_1 & !(!inputMoveMode_2 & inputMoveMode_1 & inputMoveMode_0) & !inputMoveMode_0 & !inputMoveMode_2 & !(inputMoveMode_1 & inputMoveMode_0 & inputMoveMode_2) & !button_0 & !obstacle_0 & !(inputMoveMode_2 & !inputMoveMode_1 & inputMoveMode_0))))'],1.2776374861132354,0.2010901451576501,1.0131681070197374,1,d7892148-29b4-48a6-bb5a-fb99f3816dd0,0,True,False,N/A,N/A,False,0.017314692959189415,0.007243443047627807,N/A,N/A,0.015016932040452957,7,2.3213215172290802e-07,0.22852559899911284
639b872a-b893-443b-95d1-844ce68c4192,"['!(!inputMoveMode_0 & inputMoveMode_2 & !obstacle_0 & !(inputMoveMode_1 & inputMoveMode_0 & inputMoveMode_2) & !(inputMoveMode_2 & !inputMoveMode_1 & inputMoveMode_0) & !button_0 & !(!inputMoveMode_2 & inputMoveMode_1 & inputMoveMode_0) & inputMoveMode_1)', '!(inputMoveMode_2 & !(inputMoveMode_2 & !inputMoveMode_1 & inputMoveMode_0) & !(!inputMoveMode_2 & inputMoveMode_1 & inputMoveMode_0) & inputMoveMode_1 & !(!(!inputMoveMode_2 & inputMoveMode_1 & inputMoveMode_0) & !button_0 & !(inputMoveMode_2 & !inputMoveMode_1 & inputMoveMode_0) & !obstacle_0 & !inputMoveMode_0 & inputMoveMode_2 & !(inputMoveMode_1 & inputMoveMode_0 & inputMoveMode_2) & inputMoveMode_1) & !obstacle_0 & !(inputMoveMode_1 & inputMoveMode_0 & inputMoveMode_2) & button_0 & !inputMoveMode_0)']",1.6179386160802096,0.5723632432054728,1.3458304000087082,2,3aeba3a1-f67d-4c26-9aae-9106172d2ba4,4,True,False,N/A,N/A,False,0.0250337568577379,0.011139489943161607,N/A,N/A,0.020116993924602866,7,8.444092236459255e-05,0.22580927796661854
805c4ea8-2f6a-4aa6-82e9-3f91a3214894,"['!(!inputMoveMode_0 & inputMoveMode_2 & !obstacle_0 & !(inputMoveMode_1 & inputMoveMode_0 & inputMoveMode_2) & !(inputMoveMode_2 & !inputMoveMode_1 & inputMoveMode_0) & !button_0 & !(!inputMoveMode_2 & inputMoveMode_1 & inputMoveMode_0) & inputMoveMode_1)', 'G(!(!inputMoveMode_1 & !(!inputMoveMode_2 & inputMoveMode_1 & inputMoveMode_0) & !inputMoveMode_0 & !(inputMoveMode_1 & inputMoveMode_0 & inputMoveMode_2) & !button_0 & !obstacle_0 & !(inputMoveMode_2 & !inputMoveMode_1 & inputMoveMode_0)))']",1.7599790540989488,0.5723780230619013,1.6505705881863832,2,3aeba3a1-f67d-4c26-9aae-9106172d2ba4,1,True,False,N/A,N/A,False,0.02018507686443627,0.006760704098269343,N/A,N/A,0.015150051098316908,7,9.1104069724679e-05,0.07318123709410429
d26a3c85-eca0-4bfc-8f65-4e4d9103b610,"['!(!inputMoveMode_0 & inputMoveMode_2 & !obstacle_0 & !(inputMoveMode_1 & inputMoveMode_0 & inputMoveMode_2) & !(inputMoveMode_2 & !inputMoveMode_1 & inputMoveMode_0) & !button_0 & !(!inputMoveMode_2 & inputMoveMode_1 & inputMoveMode_0) & inputMoveMode_1)', 'G((inputMoveMode_2 & !(inputMoveMode_2 & !inputMoveMode_1 & inputMoveMode_0) & !(!inputMoveMode_2 & inputMoveMode_1 & inputMoveMode_0) & inputMoveMode_1 & !(!(!inputMoveMode_2 & inputMoveMode_1 & inputMoveMode_0) & !button_0 & !(inputMoveMode_2 & !inputMoveMode_1 & inputMoveMode_0) & !obstacle_0 & !inputMoveMode_0 & inputMoveMode_2 & !(inputMoveMode_1 & inputMoveMode_0 & inputMoveMode_2) & inputMoveMode_1) & !obstacle_0 & !(inputMoveMode_1 & inputMoveMode_0 & inputMoveMode_2) & button_0 & !inputMoveMode_0) -> X(!(!button_0 & obstacle_0 & !inputMoveMode_1 & !(!inputMoveMode_2 & inputMoveMode_1 & inputMoveMode_0) & !(inputMoveMode_1 & inputMoveMode_0 & inputMoveMode_2) & !(inputMoveMode_2 & !inputMoveMode_1 & inputMoveMode_0) & !inputMoveMode_0)))']",2.0771127492189407,0.5723842170555145,1.7902296781539917,2,3aeba3a1-f67d-4c26-9aae-9106172d2ba4,0,True,False,N/A,N/A,False,0.01810929412022233,0.007139906985685229,N/A,N/A,0.014096328988671303,7,2.7101486921310425e-07,0.2533587731886655
bf396bbd-fc61-4f46-82b0-936edcd100cc,"['!(!inputMoveMode_0 & inputMoveMode_2 & !obstacle_0 & !(inputMoveMode_1 & inputMoveMode_0 & inputMoveMode_2) & !(inputMoveMode_2 & !inputMoveMode_1 & inputMoveMode_0) & !button_0 & !(!inputMoveMode_2 & inputMoveMode_1 & inputMoveMode_0) & inputMoveMode_1)', 'G((!button_0 & obstacle_0 & !inputMoveMode_1 & !(!inputMoveMode_2 & inputMoveMode_1 & inputMoveMode_0) & !(inputMoveMode_1 & inputMoveMode_0 & inputMoveMode_2) & !(inputMoveMode_2 & !inputMoveMode_1 & inputMoveMode_0) & !inputMoveMode_0) -> X(!(!inputMoveMode_1 & !(!inputMoveMode_2 & inputMoveMode_1 & inputMoveMode_0) & !inputMoveMode_0 & !(inputMoveMode_1 & inputMoveMode_0 & inputMoveMode_2) & !button_0 & !obstacle_0 & !(inputMoveMode_2 & !inputMoveMode_1 & inputMoveMode_0))))']",2.4294978401158005,0.5723905230406672,2.1063112700358033,2,3aeba3a1-f67d-4c26-9aae-9106172d2ba4,0,True,False,N/A,N/A,False,0.017809940967708826,0.006419955985620618,N/A,N/A,0.01762949302792549,7,2.367887645959854e-07,0.28704618010669947
4217ae97-5ba7-4230-8cb5-7dd10bdcb033,"['!(!inputMoveMode_0 & inputMoveMode_2 & !obstacle_0 & !(inputMoveMode_1 & inputMoveMode_0 & inputMoveMode_2) & !(inputMoveMode_2 & !inputMoveMode_1 & inputMoveMode_0) & !button_0 & !(!inputMoveMode_2 & inputMoveMode_1 & inputMoveMode_0) & inputMoveMode_1)', '!(inputMoveMode_2 & !(inputMoveMode_2 & !inputMoveMode_1 & inputMoveMode_0) & !(!inputMoveMode_2 & inputMoveMode_1 & inputMoveMode_0) & inputMoveMode_1 & !(!(!inputMoveMode_2 & inputMoveMode_1 & inputMoveMode_0) & !button_0 & !(inputMoveMode_2 & !inputMoveMode_1 & inputMoveMode_0) & !obstacle_0 & !inputMoveMode_0 & inputMoveMode_2 & !(inputMoveMode_1 & inputMoveMode_0 & inputMoveMode_2) & inputMoveMode_1) & !obstacle_0 & !(inputMoveMode_1 & inputMoveMode_0 & inputMoveMode_2) & button_0 & !inputMoveMode_0)', 'G((!button_0 & obstacle_0 & !inputMoveMode_1 & !(!inputMoveMode_2 & inputMoveMode_1 & inputMoveMode_0) & !(inputMoveMode_1 & inputMoveMode_0 & inputMoveMode_2) & !(inputMoveMode_2 & !inputMoveMode_1 & inputMoveMode_0) & !inputMoveMode_0) -> X(!(!inputMoveMode_1 & !(!inputMoveMode_2 & inputMoveMode_1 & inputMoveMode_0) & !inputMoveMode_0 & !(inputMoveMode_1 & inputMoveMode_0 & inputMoveMode_2) & !button_0 & !obstacle_0 & !(inputMoveMode_2 & !inputMoveMode_1 & inputMoveMode_0))))']",2.7669827870558947,1.6164764061104506,2.4571532402187586,3,639b872a-b893-443b-95d1-844ce68c4192,0,True,False,N/A,N/A,False,0.015299197984859347,0.006805099081248045,N/A,N/A,0.013526429887861013,7,2.4889595806598663e-07,0.276809168048203
d761e597-af96-411c-a723-16a5583551d0,"['!(!inputMoveMode_0 & inputMoveMode_2 & !obstacle_0 & !(inputMoveMode_1 & inputMoveMode_0 & inputMoveMode_2) & !(inputMoveMode_2 & !inputMoveMode_1 & inputMoveMode_0) & !button_0 & !(!inputMoveMode_2 & inputMoveMode_1 & inputMoveMode_0) & inputMoveMode_1)', '!(inputMoveMode_2 & !(inputMoveMode_2 & !inputMoveMode_1 & inputMoveMode_0) & !(!inputMoveMode_2 & inputMoveMode_1 & inputMoveMode_0) & inputMoveMode_1 & !(!(!inputMoveMode_2 & inputMoveMode_1 & inputMoveMode_0) & !button_0 & !(inputMoveMode_2 & !inputMoveMode_1 & inputMoveMode_0) & !obstacle_0 & !inputMoveMode_0 & inputMoveMode_2 & !(inputMoveMode_1 & inputMoveMode_0 & inputMoveMode_2) & inputMoveMode_1) & !obstacle_0 & !(inputMoveMode_1 & inputMoveMode_0 & inputMoveMode_2) & button_0 & !inputMoveMode_0)', 'G(!(!inputMoveMode_1 & !(!inputMoveMode_2 & inputMoveMode_1 & inputMoveMode_0) & !inputMoveMode_0 & !(inputMoveMode_1 & inputMoveMode_0 & inputMoveMode_2) & !button_0 & !obstacle_0 & !(inputMoveMode_2 & !inputMoveMode_1 & inputMoveMode_0)))']",2.863673171028495,1.6164895801339298,2.793021595105529,3,639b872a-b893-443b-95d1-844ce68c4192,1,True,False,N/A,N/A,False,0.014781825942918658,0.006150528788566589,N/A,N/A,0.013191377045586705,7,8.924584835767746e-05,0.03886054386384785
19661a06-6ce8-4209-b685-a36a3fee738b,"['!(!inputMoveMode_0 & inputMoveMode_2 & !obstacle_0 & !(inputMoveMode_1 & inputMoveMode_0 & inputMoveMode_2) & !(inputMoveMode_2 & !inputMoveMode_1 & inputMoveMode_0) & !button_0 & !(!inputMoveMode_2 & inputMoveMode_1 & inputMoveMode_0) & inputMoveMode_1)', '!(inputMoveMode_2 & !(inputMoveMode_2 & !inputMoveMode_1 & inputMoveMode_0) & !(!inputMoveMode_2 & inputMoveMode_1 & inputMoveMode_0) & inputMoveMode_1 & !(!(!inputMoveMode_2 & inputMoveMode_1 & inputMoveMode_0) & !button_0 & !(inputMoveMode_2 & !inputMoveMode_1 & inputMoveMode_0) & !obstacle_0 & !inputMoveMode_0 & inputMoveMode_2 & !(inputMoveMode_1 & inputMoveMode_0 & inputMoveMode_2) & inputMoveMode_1) & !obstacle_0 & !(inputMoveMode_1 & inputMoveMode_0 & inputMoveMode_2) & button_0 & !inputMoveMode_0)', 'G((!inputMoveMode_0 & inputMoveMode_2 & !(inputMoveMode_1 & inputMoveMode_0 & inputMoveMode_2) & !(inputMoveMode_2 & !inputMoveMode_1 & inputMoveMode_0) & !(!(!inputMoveMode_2 & inputMoveMode_1 & inputMoveMode_0) & !button_0 & !(inputMoveMode_2 & !inputMoveMode_1 & inputMoveMode_0) & !obstacle_0 & !inputMoveMode_0 & inputMoveMode_2 & !(inputMoveMode_1 & inputMoveMode_0 & inputMoveMode_2) & inputMoveMode_1) & !button_0 & !(!(!(!inputMoveMode_2 & inputMoveMode_1 & inputMoveMode_0) & !button_0 & !(inputMoveMode_2 & !inputMoveMode_1 & inputMoveMode_0) & !obstacle_0 & !inputMoveMode_0 & inputMoveMode_2 & !(inputMoveMode_1 & inputMoveMode_0 & inputMoveMode_2) & inputMoveMode_1) & !(inputMoveMode_2 & !inputMoveMode_1 & inputMoveMode_0) & inputMoveMode_2 & !(!inputMoveMode_2 & inputMoveMode_1 & inputMoveMode_0) & inputMoveMode_1 & !obstacle_0 & !(inputMoveMode_1 & inputMoveMode_0 & inputMoveMode_2) & button_0 & !inputMoveMode_0) & !(!inputMoveMode_2 & inputMoveMode_1 & inputMoveMode_0) & inputMoveMode_1 & obstacle_0) -> X(!(!button_0 & obstacle_0 & !inputMoveMode_1 & !(!inputMoveMode_2 & inputMoveMode_1 & inputMoveMode_0) & !(inputMoveMode_1 & inputMoveMode_0 & inputMoveMode_2) & !(inputMoveMode_2 & !inputMoveMode_1 & inputMoveMode_0) & !inputMoveMode_0)))']",3.58685426809825,1.6164961881004274,2.901995963184163,3,639b872a-b893-443b-95d1-844ce68c4192,0,True,False,N/A,N/A,False,0.024322865065187216,0.008929220028221607,N/A,N/A,0.016121002845466137,7,2.400483936071396e-07,0.6463080339599401
11f81a03-ca3c-494a-9ea5-196a6e829ba0,"['!(!inputMoveMode_0 & inputMoveMode_2 & !(inputMoveMode_1 & inputMoveMode_0 & inputMoveMode_2) & !(inputMoveMode_2 & !inputMoveMode_1 & inputMoveMode_0) & !(!(!inputMoveMode_2 & inputMoveMode_1 & inputMoveMode_0) & !button_0 & !(inputMoveMode_2 & !inputMoveMode_1 & inputMoveMode_0) & !obstacle_0 & !inputMoveMode_0 & inputMoveMode_2 & !(inputMoveMode_1 & inputMoveMode_0 & inputMoveMode_2) & inputMoveMode_1) & !button_0 & !(!(!(!inputMoveMode_2 & inputMoveMode_1 & inputMoveMode_0) & !button_0 & !(inputMoveMode_2 & !inputMoveMode_1 & inputMoveMode_0) & !obstacle_0 & !inputMoveMode_0 & inputMoveMode_2 & !(inputMoveMode_1 & inputMoveMode_0 & inputMoveMode_2) & inputMoveMode_1) & !(inputMoveMode_2 & !inputMoveMode_1 & inputMoveMode_0) & inputMoveMode_2 & !(!inputMoveMode_2 & inputMoveMode_1 & inputMoveMode_0) & inputMoveMode_1 & !obstacle_0 & !(inputMoveMode_1 & inputMoveMode_0 & inputMoveMode_2) & button_0 & !inputMoveMode_0) & !(!inputMoveMode_2 & inputMoveMode_1 & inputMoveMode_0) & inputMoveMode_1 & obstacle_0)', '!(!inputMoveMode_0 & inputMoveMode_2 & !obstacle_0 & !(inputMoveMode_1 & inputMoveMode_0 & inputMoveMode_2) & !(inputMoveMode_2 & !inputMoveMode_1 & inputMoveMode_0) & !button_0 & !(!inputMoveMode_2 & inputMoveMode_1 & inputMoveMode_0) & inputMoveMode_1)', '!(inputMoveMode_2 & !(inputMoveMode_2 & !inputMoveMode_1 & inputMoveMode_0) & !(!inputMoveMode_2 & inputMoveMode_1 & inputMoveMode_0) & inputMoveMode_1 & !(!(!inputMoveMode_2 & inputMoveMode_1 & inputMoveMode_0) & !button_0 & !(inputMoveMode_2 & !inputMoveMode_1 & inputMoveMode_0) & !obstacle_0 & !inputMoveMode_0 & inputMoveMode_2 & !(inputMoveMode_1 & inputMoveMode_0 & inputMoveMode_2) & inputMoveMode_1) & !obstacle_0 & !(inputMoveMode_1 & inputMoveMode_0 & inputMoveMode_2) & button_0 & !inputMoveMode_0)']",3.9574216830078512,1.616503039142117,3.615585786057636,3,639b872a-b893-443b-95d1-844ce68c4192,4,True,False,N/A,N/A,False,0.01621939684264362,0.006845826981589198,N/A,N/A,0.02424370520748198,7,6.23140949755907e-05,0.296841774135828
126c8190-76f4-4465-81f7-ba4b77738429,"['!(!inputMoveMode_0 & inputMoveMode_2 & !(inputMoveMode_1 & inputMoveMode_0 & inputMoveMode_2) & !(inputMoveMode_2 & !inputMoveMode_1 & inputMoveMode_0) & !(!(!inputMoveMode_2 & inputMoveMode_1 & inputMoveMode_0) & !button_0 & !(inputMoveMode_2 & !inputMoveMode_1 & inputMoveMode_0) & !obstacle_0 & !inputMoveMode_0 & inputMoveMode_2 & !(inputMoveMode_1 & inputMoveMode_0 & inputMoveMode_2) & inputMoveMode_1) & !button_0 & !(!(!(!inputMoveMode_2 & inputMoveMode_1 & inputMoveMode_0) & !button_0 & !(inputMoveMode_2 & !inputMoveMode_1 & inputMoveMode_0) & !obstacle_0 & !inputMoveMode_0 & inputMoveMode_2 & !(inputMoveMode_1 & inputMoveMode_0 & inputMoveMode_2) & inputMoveMode_1) & !(inputMoveMode_2 & !inputMoveMode_1 & inputMoveMode_0) & inputMoveMode_2 & !(!inputMoveMode_2 & inputMoveMode_1 & inputMoveMode_0) & inputMoveMode_1 & !obstacle_0 & !(inputMoveMode_1 & inputMoveMode_0 & inputMoveMode_2) & button_0 & !inputMoveMode_0) & !(!inputMoveMode_2 & inputMoveMode_1 & inputMoveMode_0) & inputMoveMode_1 & obstacle_0)', '!(!inputMoveMode_0 & inputMoveMode_2 & !obstacle_0 & !(inputMoveMode_1 & inputMoveMode_0 & inputMoveMode_2) & !(inputMoveMode_2 & !inputMoveMode_1 & inputMoveMode_0) & !button_0 & !(!inputMoveMode_2 & inputMoveMode_1 & inputMoveMode_0) & inputMoveMode_1)', '!(inputMoveMode_2 & !(inputMoveMode_2 & !inputMoveMode_1 & inputMoveMode_0) & !(!inputMoveMode_2 & inputMoveMode_1 & inputMoveMode_0) & inputMoveMode_1 & !(!(!inputMoveMode_2 & inputMoveMode_1 & inputMoveMode_0) & !button_0 & !(inputMoveMode_2 & !inputMoveMode_1 & inputMoveMode_0) & !obstacle_0 & !inputMoveMode_0 & inputMoveMode_2 & !(inputMoveMode_1 & inputMoveMode_0 & inputMoveMode_2) & inputMoveMode_1) & !obstacle_0 & !(inputMoveMode_1 & inputMoveMode_0 & inputMoveMode_2) & button_0 & !inputMoveMode_0)', 'G((!(inputMoveMode_2 & !inputMoveMode_1 & inputMoveMode_0) & !button_0 & !(!inputMoveMode_2 & inputMoveMode_1 & inputMoveMode_0) & !inputMoveMode_0 & !(inputMoveMode_1 & inputMoveMode_0 & inputMoveMode_2) & obstacle_0 & !inputMoveMode_1) -> X(!(!inputMoveMode_1 & !(!inputMoveMode_2 & inputMoveMode_1 & inputMoveMode_0) & !inputMoveMode_0 & !(inputMoveMode_1 & inputMoveMode_0 & inputMoveMode_2) & !button_0 & !obstacle_0 & !(inputMoveMode_2 & !inputMoveMode_1 & inputMoveMode_0))))']",4.290924118133262,3.9557529650628567,4.021415437106043,4,11f81a03-ca3c-494a-9ea5-196a6e829ba0,0,True,False,N/A,N/A,False,0.015391206135973334,0.0074801931623369455,N/A,N/A,0.015148886013776064,7,2.6496127247810364e-07,0.2345421698410064
7af2815e-888f-432c-8b03-e2b44eac317b,"['!(!(!(!(!(!inputMoveMode_2 & inputMoveMode_1 & inputMoveMode_0) & !button_0 & !(inputMoveMode_2 & !inputMoveMode_1 & inputMoveMode_0) & !obstacle_0 & !inputMoveMode_0 & inputMoveMode_2 & !(inputMoveMode_1 & inputMoveMode_0 & inputMoveMode_2) & inputMoveMode_1) & !(inputMoveMode_2 & !inputMoveMode_1 & inputMoveMode_0) & inputMoveMode_2 & !(!inputMoveMode_2 & inputMoveMode_1 & inputMoveMode_0) & inputMoveMode_1 & !obstacle_0 & !(inputMoveMode_1 & inputMoveMode_0 & inputMoveMode_2) & button_0 & !inputMoveMode_0) & !inputMoveMode_0 & inputMoveMode_2 & !(inputMoveMode_1 & inputMoveMode_0 & inputMoveMode_2) & !(inputMoveMode_2 & !inputMoveMode_1 & inputMoveMode_0) & !(!(!inputMoveMode_2 & inputMoveMode_1 & inputMoveMode_0) & !button_0 & !(inputMoveMode_2 & !inputMoveMode_1 & inputMoveMode_0) & !obstacle_0 & !inputMoveMode_0 & inputMoveMode_2 & !(inputMoveMode_1 & inputMoveMode_0 & inputMoveMode_2) & inputMoveMode_1) & !button_0 & !(!inputMoveMode_2 & inputMoveMode_1 & inputMoveMode_0) & inputMoveMode_1 & obstacle_0) & !inputMoveMode_0 & button_0 & inputMoveMode_2 & !(inputMoveMode_1 & inputMoveMode_0 & inputMoveMode_2) & !(inputMoveMode_2 & !inputMoveMode_1 & inputMoveMode_0) & !(!(!inputMoveMode_2 & inputMoveMode_1 & inputMoveMode_0) & !button_0 & !(inputMoveMode_2 & !inputMoveMode_1 & inputMoveMode_0) & !obstacle_0 & !inputMoveMode_0 & inputMoveMode_2 & !(inputMoveMode_1 & inputMoveMode_0 & inputMoveMode_2) & inputMoveMode_1) & !(!(!(!inputMoveMode_2 & inputMoveMode_1 & inputMoveMode_0) & !button_0 & !(inputMoveMode_2 & !inputMoveMode_1 & inputMoveMode_0) & !obstacle_0 & !inputMoveMode_0 & inputMoveMode_2 & !(inputMoveMode_1 & inputMoveMode_0 & inputMoveMode_2) & inputMoveMode_1) & !(inputMoveMode_2 & !inputMoveMode_1 & inputMoveMode_0) & inputMoveMode_2 & !(!inputMoveMode_2 & inputMoveMode_1 & inputMoveMode_0) & inputMoveMode_1 & !obstacle_0 & !(inputMoveMode_1 & inputMoveMode_0 & inputMoveMode_2) & button_0 & !inputMoveMode_0) & !(!inputMoveMode_2 & inputMoveMode_1 & inputMoveMode_0) & inputMoveMode_1 & obstacle_0)', '!(!inputMoveMode_0 & inputMoveMode_2 & !(inputMoveMode_1 & inputMoveMode_0 & inputMoveMode_2) & !(inputMoveMode_2 & !inputMoveMode_1 & inputMoveMode_0) & !(!(!inputMoveMode_2 & inputMoveMode_1 & inputMoveMode_0) & !button_0 & !(inputMoveMode_2 & !inputMoveMode_1 & inputMoveMode_0) & !obstacle_0 & !inputMoveMode_0 & inputMoveMode_2 & !(inputMoveMode_1 & inputMoveMode_0 & inputMoveMode_2) & inputMoveMode_1) & !button_0 & !(!(!(!inputMoveMode_2 & inputMoveMode_1 & inputMoveMode_0) & !button_0 & !(inputMoveMode_2 & !inputMoveMode_1 & inputMoveMode_0) & !obstacle_0 & !inputMoveMode_0 & inputMoveMode_2 & !(inputMoveMode_1 & inputMoveMode_0 & inputMoveMode_2) & inputMoveMode_1) & !(inputMoveMode_2 & !inputMoveMode_1 & inputMoveMode_0) & inputMoveMode_2 & !(!inputMoveMode_2 & inputMoveMode_1 & inputMoveMode_0) & inputMoveMode_1 & !obstacle_0 & !(inputMoveMode_1 & inputMoveMode_0 & inputMoveMode_2) & button_0 & !inputMoveMode_0) & !(!inputMoveMode_2 & inputMoveMode_1 & inputMoveMode_0) & inputMoveMode_1 & obstacle_0)', '!(!inputMoveMode_0 & inputMoveMode_2 & !obstacle_0 & !(inputMoveMode_1 & inputMoveMode_0 & inputMoveMode_2) & !(inputMoveMode_2 & !inputMoveMode_1 & inputMoveMode_0) & !button_0 & !(!inputMoveMode_2 & inputMoveMode_1 & inputMoveMode_0) & inputMoveMode_1)', '!(inputMoveMode_2 & !(inputMoveMode_2 & !inputMoveMode_1 & inputMoveMode_0) & !(!inputMoveMode_2 & inputMoveMode_1 & inputMoveMode_0) & inputMoveMode_1 & !(!(!inputMoveMode_2 & inputMoveMode_1 & inputMoveMode_0) & !button_0 & !(inputMoveMode_2 & !inputMoveMode_1 & inputMoveMode_0) & !obstacle_0 & !inputMoveMode_0 & inputMoveMode_2 & !(inputMoveMode_1 & inputMoveMode_0 & inputMoveMode_2) & inputMoveMode_1) & !obstacle_0 & !(inputMoveMode_1 & inputMoveMode_0 & inputMoveMode_2) & button_0 & !inputMoveMode_0)']",4.4275603361893445,3.9557665321044624,4.333481376059353,4,11f81a03-ca3c-494a-9ea5-196a6e829ba0,2,True,False,N/A,N/A,False,0.02840238786302507,0.008498314069584012,N/A,N/A,0.022838535020127892,11,7.329299114644527e-05,0.049763659946620464
7175effd-619c-416a-9b31-e7c5baec41b6,"['!(!inputMoveMode_0 & inputMoveMode_2 & !(inputMoveMode_1 & inputMoveMode_0 & inputMoveMode_2) & !(inputMoveMode_2 & !inputMoveMode_1 & inputMoveMode_0) & !(!(!inputMoveMode_2 & inputMoveMode_1 & inputMoveMode_0) & !button_0 & !(inputMoveMode_2 & !inputMoveMode_1 & inputMoveMode_0) & !obstacle_0 & !inputMoveMode_0 & inputMoveMode_2 & !(inputMoveMode_1 & inputMoveMode_0 & inputMoveMode_2) & inputMoveMode_1) & !button_0 & !(!(!(!inputMoveMode_2 & inputMoveMode_1 & inputMoveMode_0) & !button_0 & !(inputMoveMode_2 & !inputMoveMode_1 & inputMoveMode_0) & !obstacle_0 & !inputMoveMode_0 & inputMoveMode_2 & !(inputMoveMode_1 & inputMoveMode_0 & inputMoveMode_2) & inputMoveMode_1) & !(inputMoveMode_2 & !inputMoveMode_1 & inputMoveMode_0) & inputMoveMode_2 & !(!inputMoveMode_2 & inputMoveMode_1 & inputMoveMode_0) & inputMoveMode_1 & !obstacle_0 & !(inputMoveMode_1 & inputMoveMode_0 & inputMoveMode_2) & button_0 & !inputMoveMode_0) & !(!inputMoveMode_2 & inputMoveMode_1 & inputMoveMode_0) & inputMoveMode_1 & obstacle_0)', '!(!inputMoveMode_0 & inputMoveMode_2 & !obstacle_0 & !(inputMoveMode_1 & inputMoveMode_0 & inputMoveMode_2) & !(inputMoveMode_2 & !inputMoveMode_1 & inputMoveMode_0) & !button_0 & !(!inputMoveMode_2 & inputMoveMode_1 & inputMoveMode_0) & inputMoveMode_1)', '!(inputMoveMode_2 & !(inputMoveMode_2 & !inputMoveMode_1 & inputMoveMode_0) & !(!inputMoveMode_2 & inputMoveMode_1 & inputMoveMode_0) & inputMoveMode_1 & !(!(!inputMoveMode_2 & inputMoveMode_1 & inputMoveMode_0) & !button_0 & !(inputMoveMode_2 & !inputMoveMode_1 & inputMoveMode_0) & !obstacle_0 & !inputMoveMode_0 & inputMoveMode_2 & !(inputMoveMode_1 & inputMoveMode_0 & inputMoveMode_2) & inputMoveMode_1) & !obstacle_0 & !(inputMoveMode_1 & inputMoveMode_0 & inputMoveMode_2) & button_0 & !inputMoveMode_0)', 'G((!(!(!(!(!inputMoveMode_2 & inputMoveMode_1 & inputMoveMode_0) & !button_0 & !(inputMoveMode_2 & !inputMoveMode_1 & inputMoveMode_0) & !obstacle_0 & !inputMoveMode_0 & inputMoveMode_2 & !(inputMoveMode_1 & inputMoveMode_0 & inputMoveMode_2) & inputMoveMode_1) & !(inputMoveMode_2 & !inputMoveMode_1 & inputMoveMode_0) & inputMoveMode_2 & !(!inputMoveMode_2 & inputMoveMode_1 & inputMoveMode_0) & inputMoveMode_1 & !obstacle_0 & !(inputMoveMode_1 & inputMoveMode_0 & inputMoveMode_2) & button_0 & !inputMoveMode_0) & !inputMoveMode_0 & inputMoveMode_2 & !(inputMoveMode_1 & inputMoveMode_0 & inputMoveMode_2) & !(inputMoveMode_2 & !inputMoveMode_1 & inputMoveMode_0) & !(!(!inputMoveMode_2 & inputMoveMode_1 & inputMoveMode_0) & !button_0 & !(inputMoveMode_2 & !inputMoveMode_1 & inputMoveMode_0) & !obstacle_0 & !inputMoveMode_0 & inputMoveMode_2 & !(inputMoveMode_1 & inputMoveMode_0 & inputMoveMode_2) & inputMoveMode_1) & !button_0 & !(!inputMoveMode_2 & inputMoveMode_1 & inputMoveMode_0) & inputMoveMode_1 & obstacle_0) & !inputMoveMode_0 & button_0 & inputMoveMode_2 & !(inputMoveMode_1 & inputMoveMode_0 & inputMoveMode_2) & !(inputMoveMode_2 & !inputMoveMode_1 & inputMoveMode_0) & !(!(!inputMoveMode_2 & inputMoveMode_1 & inputMoveMode_0) & !button_0 & !(inputMoveMode_2 & !inputMoveMode_1 & inputMoveMode_0) & !obstacle_0 & !inputMoveMode_0 & inputMoveMode_2 & !(inputMoveMode_1 & inputMoveMode_0 & inputMoveMode_2) & inputMoveMode_1) & !(!(!(!inputMoveMode_2 & inputMoveMode_1 & inputMoveMode_0) & !button_0 & !(inputMoveMode_2 & !inputMoveMode_1 & inputMoveMode_0) & !obstacle_0 & !inputMoveMode_0 & inputMoveMode_2 & !(inputMoveMode_1 & inputMoveMode_0 & inputMoveMode_2) & inputMoveMode_1) & !(inputMoveMode_2 & !inputMoveMode_1 & inputMoveMode_0) & inputMoveMode_2 & !(!inputMoveMode_2 & inputMoveMode_1 & inputMoveMode_0) & inputMoveMode_1 & !obstacle_0 & !(inputMoveMode_1 & inputMoveMode_0 & inputMoveMode_2) & button_0 & !inputMoveMode_0) & !(!inputMoveMode_2 & inputMoveMode_1 & inputMoveMode_0) & inputMoveMode_1 & obstacle_0) -> X(!(!(inputMoveMode_2 & !inputMoveMode_1 & inputMoveMode_0) & !button_0 & !(!inputMoveMode_2 & inputMoveMode_1 & inputMoveMode_0) & !inputMoveMode_0 & !(inputMoveMode_1 & inputMoveMode_0 & inputMoveMode_2) & obstacle_0 & !inputMoveMode_1)))']",4.576229843078181,3.9557732741814107,4.461593310115859,4,11f81a03-ca3c-494a-9ea5-196a6e829ba0,2,True,False,N/A,N/A,False,0.019597983919084072,0.008959378115832806,N/A,N/A,0.027474737958982587,11,7.784808985888958e-05,0.055734574096277356
b0bda850-5657-4c2f-a79b-86ea66116af3,"['!(!inputMoveMode_0 & inputMoveMode_2 & !(inputMoveMode_1 & inputMoveMode_0 & inputMoveMode_2) & !(inputMoveMode_2 & !inputMoveMode_1 & inputMoveMode_0) & !(!(!inputMoveMode_2 & inputMoveMode_1 & inputMoveMode_0) & !button_0 & !(inputMoveMode_2 & !inputMoveMode_1 & inputMoveMode_0) & !obstacle_0 & !inputMoveMode_0 & inputMoveMode_2 & !(inputMoveMode_1 & inputMoveMode_0 & inputMoveMode_2) & inputMoveMode_1) & !button_0 & !(!(!(!inputMoveMode_2 & inputMoveMode_1 & inputMoveMode_0) & !button_0 & !(inputMoveMode_2 & !inputMoveMode_1 & inputMoveMode_0) & !obstacle_0 & !inputMoveMode_0 & inputMoveMode_2 & !(inputMoveMode_1 & inputMoveMode_0 & inputMoveMode_2) & inputMoveMode_1) & !(inputMoveMode_2 & !inputMoveMode_1 & inputMoveMode_0) & inputMoveMode_2 & !(!inputMoveMode_2 & inputMoveMode_1 & inputMoveMode_0) & inputMoveMode_1 & !obstacle_0 & !(inputMoveMode_1 & inputMoveMode_0 & inputMoveMode_2) & button_0 & !inputMoveMode_0) & !(!inputMoveMode_2 & inputMoveMode_1 & inputMoveMode_0) & inputMoveMode_1 & obstacle_0)', '!(!inputMoveMode_0 & inputMoveMode_2 & !obstacle_0 & !(inputMoveMode_1 & inputMoveMode_0 & inputMoveMode_2) & !(inputMoveMode_2 & !inputMoveMode_1 & inputMoveMode_0) & !button_0 & !(!inputMoveMode_2 & inputMoveMode_1 & inputMoveMode_0) & inputMoveMode_1)', '!(inputMoveMode_2 & !(inputMoveMode_2 & !inputMoveMode_1 & inputMoveMode_0) & !(!inputMoveMode_2 & inputMoveMode_1 & inputMoveMode_0) & inputMoveMode_1 & !(!(!inputMoveMode_2 & inputMoveMode_1 & inputMoveMode_0) & !button_0 & !(inputMoveMode_2 & !inputMoveMode_1 & inputMoveMode_0) & !obstacle_0 & !inputMoveMode_0 & inputMoveMode_2 & !(inputMoveMode_1 & inputMoveMode_0 & inputMoveMode_2) & inputMoveMode_1) & !obstacle_0 & !(inputMoveMode_1 & inputMoveMode_0 & inputMoveMode_2) & button_0 & !inputMoveMode_0)', 'G(!(!inputMoveMode_1 & !(!inputMoveMode_2 & inputMoveMode_1 & inputMoveMode_0) & !inputMoveMode_0 & !(inputMoveMode_1 & inputMoveMode_0 & inputMoveMode_2) & !button_0 & !obstacle_0 & !(inputMoveMode_2 & !inputMoveMode_1 & inputMoveMode_0)))']",4.680229821009561,3.9557790011167526,4.604636518051848,4,11f81a03-ca3c-494a-9ea5-196a6e829ba0,1,True,False,N/A,N/A,False,0.016064932104200125,0.006690471898764372,N/A,N/A,0.014525303151458502,7,8.128117769956589e-05,0.040965580847114325
e60d7413-a7a5-4af8-bf48-7b34149ebb62,"['!(!(!(!(!(!inputMoveMode_2 & inputMoveMode_1 & inputMoveMode_0) & !button_0 & !(inputMoveMode_2 & !inputMoveMode_1 & inputMoveMode_0) & !obstacle_0 & !inputMoveMode_0 & inputMoveMode_2 & !(inputMoveMode_1 & inputMoveMode_0 & inputMoveMode_2) & inputMoveMode_1) & !(inputMoveMode_2 & !inputMoveMode_1 & inputMoveMode_0) & inputMoveMode_2 & !(!inputMoveMode_2 & inputMoveMode_1 & inputMoveMode_0) & inputMoveMode_1 & !obstacle_0 & !(inputMoveMode_1 & inputMoveMode_0 & inputMoveMode_2) & button_0 & !inputMoveMode_0) & !inputMoveMode_0 & inputMoveMode_2 & !(inputMoveMode_1 & inputMoveMode_0 & inputMoveMode_2) & !(inputMoveMode_2 & !inputMoveMode_1 & inputMoveMode_0) & !(!(!inputMoveMode_2 & inputMoveMode_1 & inputMoveMode_0) & !button_0 & !(inputMoveMode_2 & !inputMoveMode_1 & inputMoveMode_0) & !obstacle_0 & !inputMoveMode_0 & inputMoveMode_2 & !(inputMoveMode_1 & inputMoveMode_0 & inputMoveMode_2) & inputMoveMode_1) & !button_0 & !(!inputMoveMode_2 & inputMoveMode_1 & inputMoveMode_0) & inputMoveMode_1 & obstacle_0) & !inputMoveMode_0 & button_0 & inputMoveMode_2 & !(inputMoveMode_1 & inputMoveMode_0 & inputMoveMode_2) & !(inputMoveMode_2 & !inputMoveMode_1 & inputMoveMode_0) & !(!(!inputMoveMode_2 & inputMoveMode_1 & inputMoveMode_0) & !button_0 & !(inputMoveMode_2 & !inputMoveMode_1 & inputMoveMode_0) & !obstacle_0 & !inputMoveMode_0 & inputMoveMode_2 & !(inputMoveMode_1 & inputMoveMode_0 & inputMoveMode_2) & inputMoveMode_1) & !(!(!(!inputMoveMode_2 & inputMoveMode_1 & inputMoveMode_0) & !button_0 & !(inputMoveMode_2 & !inputMoveMode_1 & inputMoveMode_0) & !obstacle_0 & !inputMoveMode_0 & inputMoveMode_2 & !(inputMoveMode_1 & inputMoveMode_0 & inputMoveMode_2) & inputMoveMode_1) & !(inputMoveMode_2 & !inputMoveMode_1 & inputMoveMode_0) & inputMoveMode_2 & !(!inputMoveMode_2 & inputMoveMode_1 & inputMoveMode_0) & inputMoveMode_1 & !obstacle_0 & !(inputMoveMode_1 & inputMoveMode_0 & inputMoveMode_2) & button_0 & !inputMoveMode_0) & !(!inputMoveMode_2 & inputMoveMode_1 & inputMoveMode_0) & inputMoveMode_1 & obstacle_0)', '!(!inputMoveMode_0 & inputMoveMode_2 & !(inputMoveMode_1 & inputMoveMode_0 & inputMoveMode_2) & !(inputMoveMode_2 & !inputMoveMode_1 & inputMoveMode_0) & !(!(!inputMoveMode_2 & inputMoveMode_1 & inputMoveMode_0) & !button_0 & !(inputMoveMode_2 & !inputMoveMode_1 & inputMoveMode_0) & !obstacle_0 & !inputMoveMode_0 & inputMoveMode_2 & !(inputMoveMode_1 & inputMoveMode_0 & inputMoveMode_2) & inputMoveMode_1) & !button_0 & !(!(!(!inputMoveMode_2 & inputMoveMode_1 & inputMoveMode_0) & !button_0 & !(inputMoveMode_2 & !inputMoveMode_1 & inputMoveMode_0) & !obstacle_0 & !inputMoveMode_0 & inputMoveMode_2 & !(inputMoveMode_1 & inputMoveMode_0 & inputMoveMode_2) & inputMoveMode_1) & !(inputMoveMode_2 & !inputMoveMode_1 & inputMoveMode_0) & inputMoveMode_2 & !(!inputMoveMode_2 & inputMoveMode_1 & inputMoveMode_0) & inputMoveMode_1 & !obstacle_0 & !(inputMoveMode_1 & inputMoveMode_0 & inputMoveMode_2) & button_0 & !inputMoveMode_0) & !(!inputMoveMode_2 & inputMoveMode_1 & inputMoveMode_0) & inputMoveMode_1 & obstacle_0)', '!(!inputMoveMode_0 & inputMoveMode_2 & !obstacle_0 & !(inputMoveMode_1 & inputMoveMode_0 & inputMoveMode_2) & !(inputMoveMode_2 & !inputMoveMode_1 & inputMoveMode_0) & !button_0 & !(!inputMoveMode_2 & inputMoveMode_1 & inputMoveMode_0) & inputMoveMode_1)', '!(inputMoveMode_2 & !(inputMoveMode_2 & !inputMoveMode_1 & inputMoveMode_0) & !(!inputMoveMode_2 & inputMoveMode_1 & inputMoveMode_0) & inputMoveMode_1 & !(!(!inputMoveMode_2 & inputMoveMode_1 & inputMoveMode_0) & !button_0 & !(inputMoveMode_2 & !inputMoveMode_1 & inputMoveMode_0) & !obstacle_0 & !inputMoveMode_0 & inputMoveMode_2 & !(inputMoveMode_1 & inputMoveMode_0 & inputMoveMode_2) & inputMoveMode_1) & !obstacle_0 & !(inputMoveMode_1 & inputMoveMode_0 & inputMoveMode_2) & button_0 & !inputMoveMode_0)', 'G((inputMoveMode_1 & ((!inputMoveMode_0 | !inputMoveMode_2) | !inputMoveMode_1) & inputMoveMode_2) -> X(!(!inputMoveMode_0 & !inputMoveMode_2 & !button_0 & !inputMoveMode_1 & obstacle_0)))']",4.741660478990525,4.4259341061115265,4.722341826185584,5,7af2815e-888f-432c-8b03-e2b44eac317b,0,True,True,True,False,True,0.02942929696291685,0.0075214398093521595,0.00852641393430531,0.009314121911302209,N/A,N/A,N/A,N/A
