Id,UniqueRefinement,Timestamp,TimestampRealizabilityCheck,Length,Parent,NumChildren,IsRealizable,IsSatisfiable,IsWellSeparated,IsSolution,TimeRealizabilityCheck,TimeSatisfiabilityCheck,TimeWellSeparationCheck,TimeCounterstrategy,CounterstrategyNumStates,TimeRefine,TimeGenerationMethod
5a79dc81-4948-4e46-b3fc-34a1f0816e12,[],0,0,0,N/A,2,False,N/A,N/A,False,0.8991395451594144,N/A,N/A,0.6046608840115368,7,5.8957841247320175e-05,0.044899147003889084
c3845899-5cc5-452f-8edd-7192894c3555,['G((hbusreq3 & !hmaster1) -> X(!(hbusreq3)))'],0.8380029809195548,1.0669082449749112,1,5a79dc81-4948-4e46-b3fc-34a1f0816e12,3,False,N/A,N/A,False,0.22253594710491598,N/A,N/A,0.5322991709690541,7,7.537589408457279e-05,0.042990379966795444
9c6dd3a3-a80e-4c7a-a340-0155e0a32d93,['G(F(!(hbusreq3 & !hmaster1)))'],0.8380140420049429,2.4432453920599073,1,5a79dc81-4948-4e46-b3fc-34a1f0816e12,2,False,N/A,N/A,False,0.5908138940576464,N/A,N/A,0.9694924529176205,13,0.00011689611710608006,0.042909926967695355
10293be6-c6dc-43a5-aaee-a2631b0eca69,"['G((hbusreq2 & !hmaster1) -> X(!(hbusreq2)))', 'G((hbusreq3 & !hmaster1) -> X(!(hbusreq3)))']",1.8457850839477032,4.035619207890704,2,c3845899-5cc5-452f-8edd-7192894c3555,3,False,N/A,N/A,False,0.23127172188833356,N/A,N/A,0.5626490849535912,7,7.588998414576054e-05,0.06235795491375029
42038ced-46bb-4acd-9d89-64bf439ab493,"['G((hbusreq3 & !hmaster1) -> X(!(hbusreq3)))', 'G((hmaster0 & hbusreq2) -> X(!(hbusreq2)))']",1.8457979429513216,5.100321972044185,2,c3845899-5cc5-452f-8edd-7192894c3555,5,False,N/A,N/A,False,0.22183205490000546,N/A,N/A,0.20224830391816795,3,8.52739904075861e-05,0.04429766512475908
76d16930-8004-42f6-843b-3a4b7d16f385,"['G((hbusreq3 & !hmaster1) -> X(!(hbusreq3)))', 'G(F(!(hbusreq2 & !hmaster1) & !(hmaster0 & hbusreq2)))']",1.8458038810640574,5.844501575920731,2,c3845899-5cc5-452f-8edd-7192894c3555,4,False,N/A,N/A,False,0.2835828911047429,N/A,N/A,0.9869478119071573,13,8.363300003111362e-05,0.049513211008161306
e048266a-68ed-4166-9e1c-8bf4f1642894,"['G((!hmaster1 & hbusreq2) -> X(!(hbusreq2)))', 'G(F(!(hbusreq3 & !hmaster1)))']",3.797352789901197,7.540564157068729,2,9c6dd3a3-a80e-4c7a-a340-0155e0a32d93,3,False,N/A,N/A,False,0.32127382582984865,N/A,N/A,1.1082201059907675,13,7.322011515498161e-05,0.04701442690566182
e5e51b20-01ac-46b5-8594-455129868335,"['G(F(!(!hmaster1 & hbusreq2)))', 'G(F(!(hbusreq3 & !hmaster1)))']",3.7973794999998063,9.494529308052734,2,9c6dd3a3-a80e-4c7a-a340-0155e0a32d93,3,False,N/A,N/A,False,0.41964013897813857,N/A,N/A,1.4797916722018272,19,7.57700763642788e-05,0.045691150007769465
a8bec61e-a480-4039-8a3c-70d9126299bb,"['G((hbusreq2 & !hmaster1) -> X(!(hbusreq2)))', 'G((hbusreq3 & !hmaster1) -> X(!(hbusreq3)))', 'G((hmaster1 & hbusreq1) -> X(!(hbusreq1)))']",4.871379106072709,11.743658212944865,3,10293be6-c6dc-43a5-aaee-a2631b0eca69,5,False,N/A,N/A,False,0.2421124039683491,N/A,N/A,0.1934104789979756,3,9.221397340297699e-05,0.04686091491021216
939d4ee5-645e-4145-b008-b579f8b7ed3d,"['G((hbusreq2 & !hmaster1) -> X(!(hbusreq2)))', 'G((hbusreq3 & !hmaster1) -> X(!(hbusreq3)))', 'G(F(!(hmaster1 & hbusreq1) & !(hbusreq1 & !hmaster0)))']",4.871393630979583,12.476395444944501,3,10293be6-c6dc-43a5-aaee-a2631b0eca69,0,False,N/A,N/A,False,0.25773114687763155,N/A,N/A,0.3184868849348277,5,2.139713615179062e-07,0.04611552297137678
ca6f31c6-d90e-4756-b6db-8557c3b2a5b7,"['G((hbusreq1 & !hmaster0) -> X(!(hbusreq1)))', 'G((hbusreq2 & !hmaster1) -> X(!(hbusreq2)))', 'G((hbusreq3 & !hmaster1) -> X(!(hbusreq3)))']",4.871400061994791,13.491111024050042,3,10293be6-c6dc-43a5-aaee-a2631b0eca69,0,True,True,False,True,0.30313057103194296,0.07146317511796951,0.05678770691156387,N/A,N/A,N/A,N/A
b439f6df-1ef3-4af1-93de-e021e59adc6c,"['G((!hready & hbusreq2) -> X(!(hbusreq2)))', 'G((hbusreq3 & !hmaster1) -> X(!(hbusreq3)))', 'G((hmaster0 & hbusreq2) -> X(!(hbusreq2)))']",5.554378947941586,14.630035493057221,3,42038ced-46bb-4acd-9d89-64bf439ab493,2,False,N/A,N/A,False,1.0041669148486108,N/A,N/A,0.5202029610518366,7,6.671412847936153e-05,0.04579139384441078
3671da7a-8c3a-49b3-a25e-f47c85000a80,"['G((hbusreq3 & !hmaster1) -> X(!(hbusreq3)))', 'G((hmaster0 & hbusreq2) -> X(!(hbusreq2)))', 'G(F(!(!hready & hbusreq2) & !(hbusreq2)))']",5.554391474928707,15.685434802901,3,42038ced-46bb-4acd-9d89-64bf439ab493,1,False,N/A,N/A,False,0.26111267507076263,N/A,N/A,0.3642126368358731,5,7.310882210731506e-05,0.08552372013218701
e9798af5-1bbb-4f4d-a8b7-89492f2532e9,"['!(!hready)', 'G((hbusreq3 & !hmaster1) -> X(!(hbusreq3)))', 'G((hmaster0 & hbusreq2) -> X(!(hbusreq2)))']",5.554397824918851,16.696397212101147,3,42038ced-46bb-4acd-9d89-64bf439ab493,0,True,False,N/A,False,0.23515042196959257,0.013709137914702296,N/A,N/A,N/A,N/A,N/A
4634a820-e1c0-4e21-a490-fa744089ef7e,"['G((hbusreq2) -> X(!(!hready & hbusreq2)))', 'G((hbusreq3 & !hmaster1) -> X(!(hbusreq3)))', 'G((hmaster0 & hbusreq2) -> X(!(hbusreq2)))']",5.554405830102041,16.809501989977434,3,42038ced-46bb-4acd-9d89-64bf439ab493,2,False,N/A,N/A,False,0.09366097184829414,N/A,N/A,0.5337610489223152,7,6.828107871115208e-05,0.04521147394552827
4c5a4042-42c6-48b6-b4c5-55a33d2e0bba,"['G((!hready) -> X(!(!hready & hbusreq2)))', 'G((hbusreq3 & !hmaster1) -> X(!(hbusreq3)))', 'G((hmaster0 & hbusreq2) -> X(!(hbusreq2)))']",5.554411232005805,17.727208690950647,3,42038ced-46bb-4acd-9d89-64bf439ab493,2,False,N/A,N/A,False,0.1371036758646369,N/A,N/A,0.24106507608667016,7,6.637698970735073e-05,0.04711579787544906
9380a49c-089b-45ce-921e-336340670cfd,"['G((hbusreq3 & !hmaster1) -> X(!(hbusreq3)))', 'G((hmaster1 & hbusreq1) -> X(!(hbusreq1)))', 'G(F(!(hbusreq2 & !hmaster1) & !(hmaster0 & hbusreq2)))']",7.2123258740175515,18.405646570958197,3,76d16930-8004-42f6-843b-3a4b7d16f385,6,False,N/A,N/A,False,0.2350248210132122,N/A,N/A,0.3162771628703922,5,8.949311450123787e-05,0.051176324021071196
3c1d699a-ae01-4343-8bed-5799ee1d0587,"['G((hbusreq3 & !hmaster1) -> X(!(hbusreq3)))', 'G(F(!(hbusreq1 & hmaster1) & !(hbusreq1 & !hmaster0) & !(hmaster1 & hbusreq1)))', 'G(F(!(hbusreq2 & !hmaster1) & !(hmaster0 & hbusreq2)))']",7.21233835699968,19.367010900983587,3,76d16930-8004-42f6-843b-3a4b7d16f385,1,False,N/A,N/A,False,0.2580046330112964,N/A,N/A,1.4882835980970412,19,7.303617894649506e-05,0.04728287016041577
70994623-ca3c-4b18-ba9a-0b50647dd6cf,"['G((hbusreq1 & hmaster1) -> X(!(hbusreq1)))', 'G((hbusreq3 & !hmaster1) -> X(!(hbusreq3)))', 'G(F(!(hbusreq2 & !hmaster1) & !(hmaster0 & hbusreq2)))']",7.212344829924405,21.554673782084137,3,76d16930-8004-42f6-843b-3a4b7d16f385,5,False,N/A,N/A,False,0.2782061770558357,N/A,N/A,0.3202680819667876,5,8.669099770486355e-05,0.05102962418459356
c5103d66-9a45-4d5b-a39b-5feca6a94e59,"['G((hbusreq1 & !hmaster0) -> X(!(hbusreq1)))', 'G((hbusreq3 & !hmaster1) -> X(!(hbusreq3)))', 'G(F(!(hbusreq2 & !hmaster1) & !(hmaster0 & hbusreq2)))']",7.212350357091054,22.616786574944854,3,76d16930-8004-42f6-843b-3a4b7d16f385,0,True,True,False,True,0.38017526105977595,0.07386129791848361,0.0509783539455384,N/A,N/A,N/A,N/A
334f0e66-f70a-4e99-82d7-b7c56089498a,"['G((!hmaster0 & hbusreq1) -> X(!(hbusreq1)))', 'G((!hmaster1 & hbusreq2) -> X(!(hbusreq2)))', 'G(F(!(hbusreq3 & !hmaster1)))']",9.0683526720386,23.107571077067405,3,e048266a-68ed-4166-9e1c-8bf4f1642894,0,True,True,False,True,0.35884974198415875,0.04476814391091466,0.03858648496679962,N/A,N/A,N/A,N/A
29254a74-e2b3-4e43-8aac-27ee59ce08ab,"['G((!hmaster1 & hbusreq2) -> X(!(hbusreq2)))', 'G(F(!(hbusreq1 & !hmaster0) & !(!hmaster0 & hbusreq1)))', 'G(F(!(hbusreq3 & !hmaster1)))']",9.06836565490812,23.363559427903965,3,e048266a-68ed-4166-9e1c-8bf4f1642894,3,False,N/A,N/A,False,0.1658733340445906,N/A,N/A,1.4063122100196779,19,7.646693848073483e-05,0.05210207402706146
783b6992-3fee-4548-9a15-185e68745c29,"['G((!hmaster1 & hbusreq2) -> X(!(hbusreq2)))', 'G((hbusreq1 & !hmaster0) -> X(!(hbusreq1)))', 'G(F(!(hbusreq3 & !hmaster1)))']",9.068371911067516,25.62545033590868,3,e048266a-68ed-4166-9e1c-8bf4f1642894,0,True,True,False,True,0.40482319705188274,0.07142047304660082,0.05054320604540408,N/A,N/A,N/A,N/A
42354ac7-a317-4c9d-86a0-9a225d732fc0,"['G((hmaster1 & hbusreq1) -> X(!(hbusreq1)))', 'G(F(!(!hmaster1 & hbusreq2)))', 'G(F(!(hbusreq3 & !hmaster1)))']",11.494876296026632,25.984920890070498,3,e5e51b20-01ac-46b5-8594-455129868335,6,False,N/A,N/A,False,0.23053963505662978,N/A,N/A,0.5246855819132179,7,9.077508002519608e-05,0.08787965099327266
b6979624-cb7a-4334-9ec6-a45aec3a6db3,"['G(F(!(!hmaster1 & hbusreq2)))', 'G(F(!(hbusreq3 & !hmaster1)))', 'G(F(!(hmaster1 & hbusreq1) & !(hbusreq1 & hmaster1)))']",11.494888437911868,27.447183484910056,3,e5e51b20-01ac-46b5-8594-455129868335,4,False,N/A,N/A,False,0.3731617971789092,N/A,N/A,1.8210457651875913,25,8.09237826615572e-05,0.0520740479696542
d776c95d-52a3-420e-98ff-28fad7276845,"['G((hbusreq1 & hmaster1) -> X(!(hbusreq1)))', 'G(F(!(!hmaster1 & hbusreq2)))', 'G(F(!(hbusreq3 & !hmaster1)))']",11.494894894072786,30.138096590992063,3,e5e51b20-01ac-46b5-8594-455129868335,7,False,N/A,N/A,False,0.3285532819572836,N/A,N/A,0.4911739390809089,7,9.692506864666939e-05,0.05634617619216442
5ff429ec-1f46-479d-904a-75b2a9e814d9,"['G((hbusreq1 & !hready) -> X(!(hbusreq1)))', 'G((hbusreq2 & !hmaster1) -> X(!(hbusreq2)))', 'G((hbusreq3 & !hmaster1) -> X(!(hbusreq3)))', 'G((hmaster1 & hbusreq1) -> X(!(hbusreq1)))']",12.211862869095057,31.42335641104728,4,a8bec61e-a480-4039-8a3c-70d9126299bb,5,False,N/A,N/A,False,0.22416258696466684,N/A,N/A,1.664043642114848,17,8.724397048354149e-05,0.06248659105040133
a32d1bb7-9b3d-4d09-8e08-a00622e9aba1,"['G((hbusreq1) -> X(!(hbusreq1 & !hready)))', 'G((hbusreq2 & !hmaster1) -> X(!(hbusreq2)))', 'G((hbusreq3 & !hmaster1) -> X(!(hbusreq3)))', 'G((hmaster1 & hbusreq1) -> X(!(hbusreq1)))']",12.211874200031161,33.54931533895433,4,a8bec61e-a480-4039-8a3c-70d9126299bb,2,False,N/A,N/A,False,0.16656966507434845,N/A,N/A,1.9068192639388144,21,6.684008985757828e-05,0.09345925413072109
51da7863-d602-46a0-a784-fff66c71da79,"['G((hbusreq2 & !hmaster1) -> X(!(hbusreq2)))', 'G((hbusreq3 & !hmaster1) -> X(!(hbusreq3)))', 'G((hmaster1 & hbusreq1) -> X(!(hbusreq1)))', 'G(F(!(hbusreq1 & !hready) & !(hbusreq1)))']",12.211880432907492,35.90596978296526,4,a8bec61e-a480-4039-8a3c-70d9126299bb,1,False,N/A,N/A,False,0.1536128749139607,N/A,N/A,0.363918824121356,5,8.208490908145905e-05,0.0513437120243907
7e9a30f2-c210-4205-9c69-b7072db788b4,"['!(!hready)', 'G((hbusreq2 & !hmaster1) -> X(!(hbusreq2)))', 'G((hbusreq3 & !hmaster1) -> X(!(hbusreq3)))', 'G((hmaster1 & hbusreq1) -> X(!(hbusreq1)))']",12.211885543074459,36.66832958511077,4,a8bec61e-a480-4039-8a3c-70d9126299bb,0,True,False,N/A,False,0.10978915798477829,0.013178946916013956,N/A,N/A,N/A,N/A,N/A
24dd0fff-6248-4751-ba55-6b289d4bbf36,"['G((!hready) -> X(!(hbusreq1 & !hready)))', 'G((hbusreq2 & !hmaster1) -> X(!(hbusreq2)))', 'G((hbusreq3 & !hmaster1) -> X(!(hbusreq3)))', 'G((hmaster1 & hbusreq1) -> X(!(hbusreq1)))']",12.21189040900208,36.786998230963945,4,a8bec61e-a480-4039-8a3c-70d9126299bb,5,False,N/A,N/A,False,0.1004074439406395,N/A,N/A,0.8964577550068498,17,8.902116678655148e-05,0.05995479691773653
7f591df0-e1e0-4ca4-b76b-3f0b4df3fdec,"['G((!hready & hbusreq2) -> X(!(hbusreq2)))', 'G((hbusreq3 & !hmaster1) -> X(!(hbusreq3)))', 'G((hmaster0 & hbusreq2) -> X(!(hbusreq2)))', 'G((hmaster1 & hbusreq1) -> X(!(hbusreq1)))']",15.417717386968434,40.04941257298924,4,b439f6df-1ef3-4af1-93de-e021e59adc6c,5,False,N/A,N/A,False,2.148460533004254,N/A,N/A,0.19431283115409315,3,8.245417848229408e-05,0.05586623097769916
5684be78-3635-44fa-a0e9-6d46c10383bc,"['G((!hready & hbusreq2) -> X(!(hbusreq2)))', 'G((hbusreq3 & !hmaster1) -> X(!(hbusreq3)))', 'G((hmaster0 & hbusreq2) -> X(!(hbusreq2)))', 'G(F(!(hmaster1 & hbusreq1)))']",15.417730279965326,40.852464528987184,4,b439f6df-1ef3-4af1-93de-e021e59adc6c,6,False,N/A,N/A,False,0.35355310910381377,N/A,N/A,0.3926185679156333,5,9.303702972829342e-05,0.05741848098114133
f9cf9948-39aa-4a13-9b91-ed2ca7ba1218,"['FALSE', 'G((hbusreq3 & !hmaster1) -> X(!(hbusreq3)))', 'G((hmaster0 & hbusreq2) -> X(!(hbusreq2)))', 'G(F(!(!hready & hbusreq2) & !(hbusreq2)))']",16.454215235076845,41.76539396494627,4,3671da7a-8c3a-49b3-a25e-f47c85000a80,0,True,False,N/A,False,0.2079381220974028,0.012434425065293908,N/A,N/A,N/A,N/A,N/A
477bd0c6-532a-46cc-b094-5a820201382a,"['G((hbusreq2) -> X(!(!hready & hbusreq2)))', 'G((hbusreq3 & !hmaster1) -> X(!(hbusreq3)))', 'G((hmaster0 & hbusreq2) -> X(!(hbusreq2)))', 'G((hmaster1 & hbusreq1) -> X(!(hbusreq1)))']",17.58404575008899,41.89570505497977,4,4634a820-e1c0-4e21-a490-fa744089ef7e,4,False,N/A,N/A,False,0.11210825690068305,N/A,N/A,0.17786886310204864,3,7.611000910401344e-05,0.056340633891522884
65fb3736-f101-40ff-8b8e-4943ae2fd4c4,"['G((hbusreq2) -> X(!(!hready & hbusreq2)))', 'G((hbusreq3 & !hmaster1) -> X(!(hbusreq3)))', 'G((hmaster0 & hbusreq2) -> X(!(hbusreq2)))', 'G(F(!(hmaster1 & hbusreq1)))']",17.58406142098829,42.45859340601601,4,4634a820-e1c0-4e21-a490-fa744089ef7e,5,False,N/A,N/A,False,0.18336304603144526,N/A,N/A,0.39089526794850826,5,8.436199277639389e-05,0.057760002091526985
0f72d64a-1278-44b4-9f25-dc09b1ed0cf4,"['G((!hready) -> X(!(!hready & hbusreq2)))', 'G((hbusreq3 & !hmaster1) -> X(!(hbusreq3)))', 'G((hmaster0 & hbusreq2) -> X(!(hbusreq2)))', 'G((hmaster1 & hbusreq1) -> X(!(hbusreq1)))']",18.163453923072666,43.2421446191147,4,4c5a4042-42c6-48b6-b4c5-55a33d2e0bba,4,False,N/A,N/A,False,0.14088572305627167,N/A,N/A,0.14247163687832654,3,9.436788968741894e-05,0.0554176508449018
09dfef9f-f035-4c53-8d6b-53796d76a737,"['G((!hready) -> X(!(!hready & hbusreq2)))', 'G((hbusreq3 & !hmaster1) -> X(!(hbusreq3)))', 'G((hmaster0 & hbusreq2) -> X(!(hbusreq2)))', 'G(F(!(hmaster1 & hbusreq1)))']",18.16346708103083,43.742420826107264,4,4c5a4042-42c6-48b6-b4c5-55a33d2e0bba,6,False,N/A,N/A,False,0.16863540397025645,N/A,N/A,0.16845668014138937,5,9.087310172617435e-05,0.06010320293717086
0ac96a28-8441-481f-9dad-7a9d9ccb1bba,"['G((hbusreq3 & !hmaster1) -> X(!(hbusreq3)))', 'G((hmaster1 & hbusreq1) -> X(!(hbusreq1)))', 'G(F(!(!hready & hbusreq1) & !(hbusreq1)))', 'G(F(!(hbusreq2 & !hmaster1) & !(hmaster0 & hbusreq2)))']",19.101595368003473,44.371113328961655,4,9380a49c-089b-45ce-921e-336340670cfd,1,False,N/A,N/A,False,0.21192729379981756,N/A,N/A,0.5220783301629126,7,8.185789920389652e-05,0.053795838030055165
2c7755aa-92d1-4894-baac-2183fdc03a09,"['G((!hready) -> X(!(!hready)))', 'G((hbusreq3 & !hmaster1) -> X(!(hbusreq3)))', 'G((hmaster1 & hbusreq1) -> X(!(hbusreq1)))', 'G(F(!(hbusreq2 & !hmaster1) & !(hmaster0 & hbusreq2)))']",19.10160803911276,49.983513571089134,4,9380a49c-089b-45ce-921e-336340670cfd,0,True,True,False,True,4.745586555916816,0.11874035210348666,0.054453047923743725,N/A,N/A,N/A,N/A
036e1d53-d60d-4f34-8ff6-cac0d113867a,"['!(!hready)', 'G((hbusreq3 & !hmaster1) -> X(!(hbusreq3)))', 'G((hmaster1 & hbusreq1) -> X(!(hbusreq1)))', 'G(F(!(hbusreq2 & !hmaster1) & !(hmaster0 & hbusreq2)))']",19.101615766994655,50.474078085040674,4,9380a49c-089b-45ce-921e-336340670cfd,0,True,False,N/A,False,0.30800634692423046,0.012415405130013824,N/A,N/A,N/A,N/A,N/A
345ea93b-3ba7-4609-baf0-ff182cfcda1e,"['G((hbusreq1) -> X(!(!hready & hbusreq1)))', 'G((hbusreq3 & !hmaster1) -> X(!(hbusreq3)))', 'G((hmaster1 & hbusreq1) -> X(!(hbusreq1)))', 'G(F(!(hbusreq2 & !hmaster1) & !(hmaster0 & hbusreq2)))']",19.101621496956795,50.60755006503314,4,9380a49c-089b-45ce-921e-336340670cfd,3,False,N/A,N/A,False,0.11512563610449433,N/A,N/A,3.669019130989909,37,8.057593367993832e-05,0.07016193913295865
9e666463-b974-4513-a23d-b46ebd54ca47,"['G((!hready) -> X(!(!hready & hbusreq1)))', 'G((hbusreq3 & !hmaster1) -> X(!(hbusreq3)))', 'G((hmaster1 & hbusreq1) -> X(!(hbusreq1)))', 'G(F(!(hbusreq2 & !hmaster1) & !(hmaster0 & hbusreq2)))']",19.10162648698315,55.008469715947285,4,9380a49c-089b-45ce-921e-336340670cfd,4,False,N/A,N/A,False,0.2449853930156678,N/A,N/A,1.5983573379926383,23,0.000164504861459136,0.09262811415828764
fe9774e8-e60f-4180-a6f1-4a304f30c68f,"['G((!hready & hbusreq1) -> X(!(hbusreq1)))', 'G((hbusreq3 & !hmaster1) -> X(!(hbusreq3)))', 'G((hmaster1 & hbusreq1) -> X(!(hbusreq1)))', 'G(F(!(hbusreq2 & !hmaster1) & !(hmaster0 & hbusreq2)))']",19.101631314028054,57.185021728044376,4,9380a49c-089b-45ce-921e-336340670cfd,3,False,N/A,N/A,False,0.2248054000083357,N/A,N/A,3.3344674529507756,33,9.059999138116837e-05,0.06200357503257692
00950378-9d5f-4d48-aaf4-9a9424f6bc27,"['FALSE', 'G((hbusreq3 & !hmaster1) -> X(!(hbusreq3)))', 'G(F(!(hbusreq1 & hmaster1) & !(hbusreq1 & !hmaster0) & !(hmaster1 & hbusreq1)))', 'G(F(!(hbusreq2 & !hmaster1) & !(hmaster0 & hbusreq2)))']",21.269148251973093,60.95913343690336,4,3c1d699a-ae01-4343-8bed-5799ee1d0587,0,True,False,N/A,False,0.14784248499199748,0.012362988898530602,N/A,N/A,N/A,N/A,N/A
5f5ad0c5-cd1e-4086-b1eb-32608365ef7e,"['G((hbusreq1 & hmaster1) -> X(!(hbusreq1)))', 'G((hbusreq3 & !hmaster1) -> X(!(hbusreq3)))', 'G(F(!(!hready & hbusreq1) & !(hbusreq1)))', 'G(F(!(hbusreq2 & !hmaster1) & !(hmaster0 & hbusreq2)))']",22.230115765007213,61.15179797890596,4,70994623-ca3c-4b18-ba9a-0b50647dd6cf,1,False,N/A,N/A,False,0.1749448620248586,N/A,N/A,0.5399997050408274,7,7.785903289914131e-05,0.05713833891786635
01c853d5-69ec-4d0c-81b9-e7df62e1cb85,"['!(!hready)', 'G((hbusreq1 & hmaster1) -> X(!(hbusreq1)))', 'G((hbusreq3 & !hmaster1) -> X(!(hbusreq3)))', 'G(F(!(hbusreq2 & !hmaster1) & !(hmaster0 & hbusreq2)))']",22.23013018304482,62.06455282703973,4,70994623-ca3c-4b18-ba9a-0b50647dd6cf,0,True,False,N/A,False,0.11432370496913791,0.014898044988512993,N/A,N/A,N/A,N/A,N/A
31955586-32c5-49c7-a206-522618ffe141,"['G((hbusreq1 & hmaster1) -> X(!(hbusreq1)))', 'G((hbusreq1) -> X(!(!hready & hbusreq1)))', 'G((hbusreq3 & !hmaster1) -> X(!(hbusreq3)))', 'G(F(!(hbusreq2 & !hmaster1) & !(hmaster0 & hbusreq2)))']",22.23013660404831,62.19014938897453,4,70994623-ca3c-4b18-ba9a-0b50647dd6cf,4,False,N/A,N/A,False,0.10492910095490515,N/A,N/A,3.417669619899243,37,8.522113785147667e-05,0.0680196089670062
eb941988-817a-4329-9461-e97725e8800e,"['G((!hready) -> X(!(!hready & hbusreq1)))', 'G((hbusreq1 & hmaster1) -> X(!(hbusreq1)))', 'G((hbusreq3 & !hmaster1) -> X(!(hbusreq3)))', 'G(F(!(hbusreq2 & !hmaster1) & !(hmaster0 & hbusreq2)))']",22.23014188511297,65.99430939089507,4,70994623-ca3c-4b18-ba9a-0b50647dd6cf,4,False,N/A,N/A,False,0.11143219191581011,N/A,N/A,1.3876701609697193,23,8.324114605784416e-05,0.06565641285851598
b53f733b-5df8-427f-a6e5-44f9541c4c6f,"['G((!hready & hbusreq1) -> X(!(hbusreq1)))', 'G((hbusreq1 & hmaster1) -> X(!(hbusreq1)))', 'G((hbusreq3 & !hmaster1) -> X(!(hbusreq3)))', 'G(F(!(hbusreq2 & !hmaster1) & !(hmaster0 & hbusreq2)))']",22.23014710401185,67.74920995207503,4,70994623-ca3c-4b18-ba9a-0b50647dd6cf,4,False,N/A,N/A,False,0.1266975610051304,N/A,N/A,3.3554250029847026,33,8.234893903136253e-05,0.07055359985679388
303ae4b1-d3b9-4230-8778-701276bc6aee,"['G((!hmaster1 & hbusreq2) -> X(!(hbusreq2)))', 'G(F(!(hbusreq1 & !hmaster0) & !(!hmaster0 & hbusreq1)))', 'G(F(!(hbusreq3 & !hmaster1)))', 'G(F(!(hmaster1 & hbusreq1) & !(!hmaster0 & hbusreq1)))']",25.213099618908018,71.61968151200563,4,29254a74-e2b3-4e43-8aac-27ee59ce08ab,0,False,N/A,N/A,False,0.2425216839183122,N/A,N/A,0.7237906761001796,9,2.0302832126617432e-07,0.0783242960460484
b1ca4bf2-0928-4db5-8536-647d1884d95a,"['G((!hmaster0 & hbusreq1) -> X(!(hbusreq1)))', 'G((!hmaster1 & hbusreq2) -> X(!(hbusreq2)))', 'G(F(!(hbusreq1 & !hmaster0) & !(!hmaster0 & hbusreq1)))', 'G(F(!(hbusreq3 & !hmaster1)))']",25.213114506099373,73.07704362599179,4,29254a74-e2b3-4e43-8aac-27ee59ce08ab,0,True,True,False,True,0.3304309290833771,0.07879152707755566,0.05099517200142145,N/A,N/A,N/A,N/A
09da99d7-0cde-4551-a8d8-5ff7b55474b6,"['G((!hmaster1 & hbusreq2) -> X(!(hbusreq2)))', 'G((hmaster1 & hbusreq1) -> X(!(hbusreq1)))', 'G(F(!(hbusreq1 & !hmaster0) & !(!hmaster0 & hbusreq1)))', 'G(F(!(hbusreq3 & !hmaster1)))']",25.213121510110795,73.34838726511225,4,29254a74-e2b3-4e43-8aac-27ee59ce08ab,0,False,N/A,N/A,False,0.13456776808016002,N/A,N/A,0.5568070949520916,7,3.471504896879196e-07,0.3067817820701748
5f1f0f05-799e-43b3-aa71-520f0b018969,"['G((hmaster1 & hbusreq1) -> X(!(hbusreq1)))', 'G(F(!(!hmaster1 & hbusreq2)))', 'G(F(!(!hready & hbusreq1) & !(hbusreq1)))', 'G(F(!(hbusreq3 & !hmaster1)))']",27.066876152995974,74.65684192301705,4,42354ac7-a317-4c9d-86a0-9a225d732fc0,1,False,N/A,N/A,False,0.22825922397896647,N/A,N/A,0.6610939500387758,9,7.95221421867609e-05,0.0604541739448905
4fe0d1e1-ebfa-45b0-8eeb-8e9d42afb1ed,"['G((!hready & hbusreq1) -> X(!(!hready & hbusreq1)))', 'G((hmaster1 & hbusreq1) -> X(!(hbusreq1)))', 'G(F(!(!hmaster1 & hbusreq2)))', 'G(F(!(hbusreq3 & !hmaster1)))']",27.06689075496979,75.87140125501901,4,42354ac7-a317-4c9d-86a0-9a225d732fc0,2,False,N/A,N/A,False,0.18734441488049924,N/A,N/A,3.399727042997256,49,7.745809853076935e-05,0.06807164894416928
b4b0521c-0e1d-4488-826c-7fa98258dadc,"['!(!hready)', 'G((hmaster1 & hbusreq1) -> X(!(hbusreq1)))', 'G(F(!(!hmaster1 & hbusreq2)))', 'G(F(!(hbusreq3 & !hmaster1)))']",27.06689814804122,79.74246037192643,4,42354ac7-a317-4c9d-86a0-9a225d732fc0,0,True,False,N/A,False,0.16396214999258518,0.01221449812874198,N/A,N/A,N/A,N/A,N/A
52f30831-1264-4035-92b4-3dc27ec96958,"['G((hbusreq1) -> X(!(!hready & hbusreq1)))', 'G((hmaster1 & hbusreq1) -> X(!(hbusreq1)))', 'G(F(!(!hmaster1 & hbusreq2)))', 'G(F(!(hbusreq3 & !hmaster1)))']",27.066903528990224,79.905383879086,4,42354ac7-a317-4c9d-86a0-9a225d732fc0,4,False,N/A,N/A,False,0.14581741788424551,N/A,N/A,5.43873674608767,53,8.399202488362789e-05,0.12872705608606339
59b020dd-0775-4707-a953-40c212381096,"['G((!hready) -> X(!(!hready & hbusreq1)))', 'G((hmaster1 & hbusreq1) -> X(!(hbusreq1)))', 'G(F(!(!hmaster1 & hbusreq2)))', 'G(F(!(hbusreq3 & !hmaster1)))']",27.066908287117258,85.94193788990378,4,42354ac7-a317-4c9d-86a0-9a225d732fc0,3,False,N/A,N/A,False,0.1675801130477339,N/A,N/A,2.5573058710433543,49,7.876800373196602e-05,0.06820092513225973
cf99c856-6979-45e3-b8ad-7a5782ad6f3e,"['G((!hready & hbusreq1) -> X(!(hbusreq1)))', 'G((hmaster1 & hbusreq1) -> X(!(hbusreq1)))', 'G(F(!(!hmaster1 & hbusreq2)))', 'G(F(!(hbusreq3 & !hmaster1)))']",27.066913020098582,89.03495951904915,4,42354ac7-a317-4c9d-86a0-9a225d732fc0,3,False,N/A,N/A,False,0.23045012494549155,N/A,N/A,4.862838923931122,49,7.57069792598486e-05,0.1734405008610338
4d6fafca-f833-4440-bb26-1144a70408fc,"['G((!hmaster0 & hbusreq1) -> X(!(hbusreq1)))', 'G(F(!(!hmaster1 & hbusreq2)))', 'G(F(!(hbusreq3 & !hmaster1)))', 'G(F(!(hmaster1 & hbusreq1) & !(hbusreq1 & hmaster1)))']",29.8031319770962,94.6639353421051,4,b6979624-cb7a-4334-9ec6-a45aec3a6db3,0,True,True,False,True,0.2926579830236733,0.04075519787147641,0.03451254894025624,N/A,N/A,N/A,N/A
a39fee3e-e21d-490a-965e-20a36fb94988,"['G(F(!(!hmaster1 & hbusreq2)))', 'G(F(!(hbusreq1 & hmaster1) & !(!hmaster0 & hbusreq1) & !(hmaster1 & hbusreq1)))', 'G(F(!(hbusreq3 & !hmaster1)))', 'G(F(!(hmaster1 & hbusreq1) & !(hbusreq1 & hmaster1)))']",29.803145359968767,94.9092069088947,4,b6979624-cb7a-4334-9ec6-a45aec3a6db3,1,False,N/A,N/A,False,0.1631530139129609,N/A,N/A,2.517193950014189,31,7.331394590437412e-05,0.06650476017966866
0faaa942-c4da-41dd-924a-845b0bb2ef2a,"['G((hbusreq1 & hmaster1) -> X(!(hbusreq1)))', 'G(F(!(!hmaster1 & hbusreq2)))', 'G(F(!(hbusreq3 & !hmaster1)))', 'G(F(!(hmaster1 & hbusreq1) & !(hbusreq1 & hmaster1)))']",29.803153552114964,97.9411158170551,4,b6979624-cb7a-4334-9ec6-a45aec3a6db3,7,False,N/A,N/A,False,0.16143598686903715,N/A,N/A,0.705524206161499,9,9.544892236590385e-05,0.07249736692756414
e9874f4d-5d1d-46d4-a45e-5949d4b408bb,"['G((hmaster1 & hbusreq1) -> X(!(hbusreq1)))', 'G(F(!(!hmaster1 & hbusreq2)))', 'G(F(!(hbusreq3 & !hmaster1)))', 'G(F(!(hmaster1 & hbusreq1) & !(hbusreq1 & hmaster1)))']",29.803159253904596,99.12541046598926,4,b6979624-cb7a-4334-9ec6-a45aec3a6db3,7,False,N/A,N/A,False,0.15535143902525306,N/A,N/A,0.6978374919854105,9,9.565195068717003e-05,0.07078963401727378
3c21764f-52d5-43dc-98fa-2205b084c99c,"['G((hbusreq1 & hmaster1) -> X(!(hbusreq1)))', 'G((hbusreq1) -> X(!(hbusreq1 & !hready)))', 'G(F(!(!hmaster1 & hbusreq2)))', 'G(F(!(hbusreq3 & !hmaster1)))']",31.191954154055566,100.28778253705241,4,d776c95d-52a3-420e-98ff-28fad7276845,2,False,N/A,N/A,False,0.14444860094226897,N/A,N/A,5.224060553126037,53,7.207109592854977e-05,0.07140092691406608
2f6f67f8-89b6-4708-9b23-184cbac55584,"['G((!hready) -> X(!(!hready)))', 'G((hbusreq1 & hmaster1) -> X(!(hbusreq1)))', 'G(F(!(!hmaster1 & hbusreq2)))', 'G(F(!(hbusreq3 & !hmaster1)))']",31.191967133898288,119.93386915605515,4,d776c95d-52a3-420e-98ff-28fad7276845,0,True,True,False,True,14.09151445585303,0.1157031471375376,0.18129367800429463,N/A,N/A,N/A,N/A
9c7bec69-b04d-4e65-b46c-69692bdd021f,"['G((hbusreq1 & hmaster1) -> X(!(hbusreq1)))', 'G(F(!(!hmaster1 & hbusreq2)))', 'G(F(!(!hready & hbusreq1) & !(hbusreq1 & !hready) & !(hbusreq1)))', 'G(F(!(hbusreq3 & !hmaster1)))']",31.191973553970456,120.68943052110262,4,d776c95d-52a3-420e-98ff-28fad7276845,1,False,N/A,N/A,False,0.449803349096328,N/A,N/A,0.7017544999253005,9,8.053402416408062e-05,0.07183007104322314
ffbbdb74-5c93-43b3-b91d-4be73cc95867,"['!(!hready)', 'G((hbusreq1 & hmaster1) -> X(!(hbusreq1)))', 'G(F(!(!hmaster1 & hbusreq2)))', 'G(F(!(hbusreq3 & !hmaster1)))']",31.19197899196297,122.04098628391512,4,d776c95d-52a3-420e-98ff-28fad7276845,0,True,False,N/A,False,0.1779478141106665,0.01253009308129549,N/A,N/A,N/A,N/A,N/A
ee13042d-2d1d-4d30-bc3d-96e8536400c2,"['G((hbusreq1 & !hready) -> X(!(!hready & hbusreq1)))', 'G((hbusreq1 & hmaster1) -> X(!(hbusreq1)))', 'G(F(!(!hmaster1 & hbusreq2)))', 'G(F(!(hbusreq3 & !hmaster1)))']",31.191983848111704,122.22236474906094,4,d776c95d-52a3-420e-98ff-28fad7276845,5,False,N/A,N/A,False,0.1628334359265864,N/A,N/A,3.3338612751103938,49,9.089685045182705e-05,0.19075389904901385
be70a58a-1268-4b6a-8ce3-c1e30087efc6,"['G((!hready) -> X(!(hbusreq1 & !hready)))', 'G((hbusreq1 & hmaster1) -> X(!(hbusreq1)))', 'G(F(!(!hmaster1 & hbusreq2)))', 'G(F(!(hbusreq3 & !hmaster1)))']",31.19198896503076,126.19683131598867,4,d776c95d-52a3-420e-98ff-28fad7276845,3,False,N/A,N/A,False,0.1796003880444914,N/A,N/A,2.6053485861048102,49,7.967301644384861e-05,0.07732294988818467
3ddc7501-0d66-41a1-85b7-741db9bcc6a6,"['G((!hready & hbusreq1) -> X(!(hbusreq1)))', 'G((hbusreq1 & hmaster1) -> X(!(hbusreq1)))', 'G(F(!(!hmaster1 & hbusreq2)))', 'G(F(!(hbusreq3 & !hmaster1)))']",31.191996491979808,129.39667448191904,4,d776c95d-52a3-420e-98ff-28fad7276845,5,False,N/A,N/A,False,0.2712441061157733,N/A,N/A,4.929103327915072,49,9.034993126988411e-05,0.17936129495501518
21c040c1-401a-4024-82f1-4092abe22f7a,"['G((hbusreq1 & !hready) -> X(!(hbusreq1)))', 'G((hbusreq2 & !hmaster1) -> X(!(hbusreq2)))', 'G((hbusreq3 & !hmaster1) -> X(!(hbusreq3)))', 'G((hmaster1 & hbusreq1) -> X(!(hbusreq1)))', 'G(F(!(hmaster1 & hbusreq0) & !(hbusreq0 & hmaster0) & !(hmaster0 & hbusreq0) & !(hbusreq0 & hmaster1)))']",33.376302326098084,134.97701481892727,5,5ff429ec-1f46-479d-904a-75b2a9e814d9,3,False,N/A,N/A,False,0.14598037721589208,N/A,N/A,3.485065057873726,33,9.363004937767982e-05,0.0821886679623276
b45a9bb4-ba39-48c9-b19a-fc811f231f7b,"['G((hbusreq0 & hmaster1) -> X(!(hbusreq0)))', 'G((hbusreq1 & !hready) -> X(!(hbusreq1)))', 'G((hbusreq2 & !hmaster1) -> X(!(hbusreq2)))', 'G((hbusreq3 & !hmaster1) -> X(!(hbusreq3)))', 'G((hmaster1 & hbusreq1) -> X(!(hbusreq1)))']",33.37631528801285,139.20175346708857,5,5ff429ec-1f46-479d-904a-75b2a9e814d9,4,False,N/A,N/A,False,0.42846196913160384,N/A,N/A,1.6904392701108009,25,7.779221050441265e-05,0.08717200811952353
95b5bd2c-f58c-4199-bb45-af5b8a45f994,"['G((hbusreq1 & !hready) -> X(!(hbusreq1)))', 'G((hbusreq2 & !hmaster1) -> X(!(hbusreq2)))', 'G((hbusreq3 & !hmaster1) -> X(!(hbusreq3)))', 'G((hmaster1 & hbusreq0) -> X(!(hbusreq0)))', 'G((hmaster1 & hbusreq1) -> X(!(hbusreq1)))']",33.37632166594267,141.47168229310773,5,5ff429ec-1f46-479d-904a-75b2a9e814d9,5,False,N/A,N/A,False,0.22582385293208063,N/A,N/A,1.5081917338538915,25,8.59629362821579e-05,0.08393144817091525
65d3b779-ef0b-4441-9627-610621bd6a44,"['G((hbusreq1 & !hready) -> X(!(hbusreq1)))', 'G((hbusreq2 & !hmaster1) -> X(!(hbusreq2)))', 'G((hbusreq3 & !hmaster1) -> X(!(hbusreq3)))', 'G((hmaster0 & hbusreq0) -> X(!(hbusreq0)))', 'G((hmaster1 & hbusreq1) -> X(!(hbusreq1)))']",33.376328472048044,143.77452962193638,5,5ff429ec-1f46-479d-904a-75b2a9e814d9,4,False,N/A,N/A,False,0.48499013390392065,N/A,N/A,20.9104350770358,290,0.0001216069795191288,0.10039594094268978
6dc19165-49ea-4633-81b0-6917aec9a011,"['G((hbusreq0 & hmaster0) -> X(!(hbusreq0)))', 'G((hbusreq1 & !hready) -> X(!(hbusreq1)))', 'G((hbusreq2 & !hmaster1) -> X(!(hbusreq2)))', 'G((hbusreq3 & !hmaster1) -> X(!(hbusreq3)))', 'G((hmaster1 & hbusreq1) -> X(!(hbusreq1)))']",33.37633390096016,171.87193465302698,5,5ff429ec-1f46-479d-904a-75b2a9e814d9,6,False,N/A,N/A,False,0.6206135859247297,N/A,N/A,21.408542786957696,290,9.134807623922825e-05,0.13654039381071925
e8347c7b-0832-451b-94dd-c7df621e3966,"['G((hbusreq1) -> X(!(hbusreq1 & !hready)))', 'G((hbusreq2 & !hmaster1) -> X(!(hbusreq2)))', 'G((hbusreq3 & !hmaster1) -> X(!(hbusreq3)))', 'G((hmaster1 & hbusreq1) -> X(!(hbusreq1)))', 'G(F(!(hbusreq0 & hmaster1)))']",35.745766802923754,201.18735378608108,5,a32d1bb7-9b3d-4d09-8e08-a00622e9aba1,6,False,N/A,N/A,False,0.7379135540686548,N/A,N/A,3.6737225658725947,43,9.519909508526325e-05,0.09427846199832857
bd6e79de-4ba2-4b62-81f5-20f80d4a3e3d,"['G((hbusreq0 & hmaster1) -> X(!(hbusreq0)))', 'G((hbusreq1) -> X(!(hbusreq1 & !hready)))', 'G((hbusreq2 & !hmaster1) -> X(!(hbusreq2)))', 'G((hbusreq3 & !hmaster1) -> X(!(hbusreq3)))', 'G((hmaster1 & hbusreq1) -> X(!(hbusreq1)))']",35.74578310409561,205.92704536393285,5,a32d1bb7-9b3d-4d09-8e08-a00622e9aba1,4,False,N/A,N/A,False,0.40413041110150516,N/A,N/A,1.9976075910963118,29,8.381297811865807e-05,0.0957888369448483
0af45b8e-c792-4b35-af85-ebc07c213a80,"['FALSE', 'G((hbusreq2 & !hmaster1) -> X(!(hbusreq2)))', 'G((hbusreq3 & !hmaster1) -> X(!(hbusreq3)))', 'G((hmaster1 & hbusreq1) -> X(!(hbusreq1)))', 'G(F(!(hbusreq1 & !hready) & !(hbusreq1)))']",36.55134828807786,208.63746385998093,5,51da7863-d602-46a0-a784-fff66c71da79,0,True,False,N/A,False,0.2389018579851836,0.012615679064765573,N/A,N/A,N/A,N/A,N/A
89a69c9c-03da-4a1c-8dd4-6a52c845eacf,"['G((!hready) -> X(!(hbusreq1 & !hready)))', 'G((hbusreq1 & !hmaster0) -> X(!(hbusreq1)))', 'G((hbusreq2 & !hmaster1) -> X(!(hbusreq2)))', 'G((hbusreq3 & !hmaster1) -> X(!(hbusreq3)))', 'G((hmaster1 & hbusreq1) -> X(!(hbusreq1)))']",37.89409981807694,208.8601021671202,5,24dd0fff-6248-4751-ba55-6b289d4bbf36,0,True,True,False,True,0.20408676285296679,0.14259324385784566,0.07579844212159514,N/A,N/A,N/A,N/A
14a10d88-6e6c-492d-80d2-47487b2b33c3,"['G((!hready) -> X(!(hbusreq1 & !hready)))', 'G((!hready) -> X(!(hbusreq1)))', 'G((hbusreq2 & !hmaster1) -> X(!(hbusreq2)))', 'G((hbusreq3 & !hmaster1) -> X(!(hbusreq3)))', 'G((hmaster1 & hbusreq1) -> X(!(hbusreq1)))']",37.89411320001818,209.25905567896552,5,24dd0fff-6248-4751-ba55-6b289d4bbf36,3,False,N/A,N/A,False,0.17409385088831186,N/A,N/A,0.9956246810033917,21,7.958710193634033e-05,0.09899244992993772
7beeb871-767b-4ed1-8b88-c9d1df6ac493,"['G((!hready) -> X(!(hbusreq1 & !hready)))', 'G((hbusreq2 & !hmaster1) -> X(!(hbusreq2)))', 'G((hbusreq3 & !hmaster1) -> X(!(hbusreq3)))', 'G((hmaster1 & hbusreq1) -> X(!(hbusreq1)))', 'G(F(!(hbusreq1 & !hmaster0) & !(hbusreq1)))']",37.89412068692036,210.69824273791164,5,24dd0fff-6248-4751-ba55-6b289d4bbf36,4,False,N/A,N/A,False,0.13702346081845462,N/A,N/A,1.622615268919617,23,8.533289656043053e-05,0.09776191506534815
88fe5208-63f4-4cf9-b526-35ccb2fc4a9b,"['!(!hready)', 'G((!hready) -> X(!(hbusreq1 & !hready)))', 'G((hbusreq2 & !hmaster1) -> X(!(hbusreq2)))', 'G((hbusreq3 & !hmaster1) -> X(!(hbusreq3)))', 'G((hmaster1 & hbusreq1) -> X(!(hbusreq1)))']",37.89412722690031,212.82961957505904,5,24dd0fff-6248-4751-ba55-6b289d4bbf36,0,True,False,N/A,False,0.11582691594958305,0.011907255044206977,N/A,N/A,N/A,N/A,N/A
63a1098c-f362-40a0-9e6d-57eb7b4d8d04,"['G((!hready) -> X(!(hbusreq1 & !hready)))', 'G((hbusreq1) -> X(!(hbusreq1)))', 'G((hbusreq2 & !hmaster1) -> X(!(hbusreq2)))', 'G((hbusreq3 & !hmaster1) -> X(!(hbusreq3)))', 'G((hmaster1 & hbusreq1) -> X(!(hbusreq1)))']",37.89413253008388,213.0889926000964,5,24dd0fff-6248-4751-ba55-6b289d4bbf36,0,True,True,False,True,0.2422040868550539,0.035884815035387874,0.034998415037989616,N/A,N/A,N/A,N/A
9ef2dfe1-55a4-4890-981e-be830374d807,"['G((!hready & hbusreq2) -> X(!(hbusreq2)))', 'G((hbusreq1 & !hready) -> X(!(hbusreq1)))', 'G((hbusreq3 & !hmaster1) -> X(!(hbusreq3)))', 'G((hmaster0 & hbusreq2) -> X(!(hbusreq2)))', 'G((hmaster1 & hbusreq1) -> X(!(hbusreq1)))']",40.4920126919169,233.71814110595733,5,7f591df0-e1e0-4ca4-b76b-3f0b4df3fdec,2,False,N/A,N/A,False,20.551756252069026,N/A,N/A,1.6045958979520947,17,6.710016168653965e-05,0.0927300970070064
e6625d70-28bc-4c93-a8c5-6b1b72639cc0,"['G((!hready & hbusreq2) -> X(!(hbusreq2)))', 'G((hbusreq1) -> X(!(hbusreq1 & !hready)))', 'G((hbusreq3 & !hmaster1) -> X(!(hbusreq3)))', 'G((hmaster0 & hbusreq2) -> X(!(hbusreq2)))', 'G((hmaster1 & hbusreq1) -> X(!(hbusreq1)))']",40.492026793072,236.0379497190006,5,7f591df0-e1e0-4ca4-b76b-3f0b4df3fdec,2,False,N/A,N/A,False,0.34896265296265483,N/A,N/A,2.0352032179944217,21,7.008900865912437e-05,0.2298706721048802
788f5ac5-e217-41c8-9e86-375408bed3db,"['G((!hready & hbusreq2) -> X(!(hbusreq2)))', 'G((hbusreq3 & !hmaster1) -> X(!(hbusreq3)))', 'G((hmaster0 & hbusreq2) -> X(!(hbusreq2)))', 'G((hmaster1 & hbusreq1) -> X(!(hbusreq1)))', 'G(F(!(hbusreq1 & !hready) & !(hbusreq1)))']",40.492033160990104,238.80711666191928,5,7f591df0-e1e0-4ca4-b76b-3f0b4df3fdec,1,False,N/A,N/A,False,0.3069855240173638,N/A,N/A,0.3467893120832741,5,6.674090400338173e-05,0.211327695986256
6e30a68f-112e-4c3c-8e32-a636c73e880e,"['!(!hready)', 'G((!hready & hbusreq2) -> X(!(hbusreq2)))', 'G((hbusreq3 & !hmaster1) -> X(!(hbusreq3)))', 'G((hmaster0 & hbusreq2) -> X(!(hbusreq2)))', 'G((hmaster1 & hbusreq1) -> X(!(hbusreq1)))']",40.49203847208992,239.8414043718949,5,7f591df0-e1e0-4ca4-b76b-3f0b4df3fdec,0,True,False,N/A,False,0.2103606320451945,0.013097489019855857,N/A,N/A,N/A,N/A,N/A
65dccfb0-8855-4ae7-9fd4-91ba775289eb,"['G((!hready & hbusreq2) -> X(!(hbusreq2)))', 'G((!hready) -> X(!(hbusreq1 & !hready)))', 'G((hbusreq3 & !hmaster1) -> X(!(hbusreq3)))', 'G((hmaster0 & hbusreq2) -> X(!(hbusreq2)))', 'G((hmaster1 & hbusreq1) -> X(!(hbusreq1)))']",40.4920435459353,240.03208129806444,5,7f591df0-e1e0-4ca4-b76b-3f0b4df3fdec,3,False,N/A,N/A,False,0.17200381914153695,N/A,N/A,0.9588250222150236,17,7.810094393789768e-05,0.09322381601668894
cfd97bff-571c-4387-b931-b1b18fbde423,"['G((!hready & hbusreq2) -> X(!(hbusreq2)))', 'G((hbusreq1 & !hready) -> X(!(hbusreq1)))', 'G((hbusreq3 & !hmaster1) -> X(!(hbusreq3)))', 'G((hmaster0 & hbusreq2) -> X(!(hbusreq2)))', 'G(F(!(hmaster1 & hbusreq1)))']",41.550492238020524,241.621383335907,5,5684be78-3635-44fa-a0e9-6d46c10383bc,4,False,N/A,N/A,False,0.3759717959910631,N/A,N/A,3.8205145539250225,33,8.30269418656826e-05,0.09364341106265783
0a3f118c-9870-42cd-9306-133e781f23ea,"['G((!hready & hbusreq2) -> X(!(hbusreq2)))', 'G((hbusreq1) -> X(!(hbusreq1 & !hready)))', 'G((hbusreq3 & !hmaster1) -> X(!(hbusreq3)))', 'G((hmaster0 & hbusreq2) -> X(!(hbusreq2)))', 'G(F(!(hmaster1 & hbusreq1)))']",41.55050686211325,246.1201264699921,5,5684be78-3635-44fa-a0e9-6d46c10383bc,3,False,N/A,N/A,False,0.2816872268449515,N/A,N/A,4.111329677980393,37,9.0352026745677e-05,0.09627764392644167
4ed95f85-196d-4e30-a82f-e76c86d1f6c2,"['G((!hready & hbusreq2) -> X(!(hbusreq2)))', 'G((hbusreq3 & !hmaster1) -> X(!(hbusreq3)))', 'G((hmaster0 & hbusreq2) -> X(!(hbusreq2)))', 'G(F(!(hbusreq1 & !hready) & !(hbusreq1)))', 'G(F(!(hmaster1 & hbusreq1)))']",41.5505132409744,250.89405271294527,5,5684be78-3635-44fa-a0e9-6d46c10383bc,1,False,N/A,N/A,False,0.2778423549607396,N/A,N/A,0.4742911090143025,7,7.111718878149986e-05,0.09044144488871098
f44683f2-163d-40a6-941a-ec3ceebd6022,"['!(!hready)', 'G((!hready & hbusreq2) -> X(!(hbusreq2)))', 'G((hbusreq3 & !hmaster1) -> X(!(hbusreq3)))', 'G((hmaster0 & hbusreq2) -> X(!(hbusreq2)))', 'G(F(!(hmaster1 & hbusreq1)))']",41.550520102959126,251.98659077798948,5,5684be78-3635-44fa-a0e9-6d46c10383bc,0,True,False,N/A,False,0.26586265699006617,0.013808669988065958,N/A,N/A,N/A,N/A,N/A
7d4087c0-a6dc-4936-9e1c-14e0b3ddc558,"['G((!hready & hbusreq2) -> X(!(hbusreq2)))', 'G((!hready) -> X(!(hbusreq1 & !hready)))', 'G((hbusreq3 & !hmaster1) -> X(!(hbusreq3)))', 'G((hmaster0 & hbusreq2) -> X(!(hbusreq2)))', 'G(F(!(hmaster1 & hbusreq1)))']",41.55052555911243,252.24556272593327,5,5684be78-3635-44fa-a0e9-6d46c10383bc,3,False,N/A,N/A,False,0.2399380449205637,N/A,N/A,1.6279787300154567,23,7.807905785739422e-05,0.23173157405108213
d93997cd-59db-4ae7-b6eb-3cdfa707fdaf,"['G((!hready & hbusreq2) -> X(!(hbusreq2)))', 'G((hbusreq1) -> X(!(hbusreq1)))', 'G((hbusreq3 & !hmaster1) -> X(!(hbusreq3)))', 'G((hmaster0 & hbusreq2) -> X(!(hbusreq2)))', 'G(F(!(hmaster1 & hbusreq1)))']",41.55053063109517,254.70608733803965,5,5684be78-3635-44fa-a0e9-6d46c10383bc,3,False,N/A,N/A,False,0.3760745238978416,N/A,N/A,3.442855000961572,33,7.817009463906288e-05,0.25930202403105795
356ce8ca-eb2e-434d-bcee-87a1df5bf14b,"['G((!hready) -> X(!(hbusreq1)))', 'G((hbusreq2) -> X(!(!hready & hbusreq2)))', 'G((hbusreq3 & !hmaster1) -> X(!(hbusreq3)))', 'G((hmaster0 & hbusreq2) -> X(!(hbusreq2)))', 'G((hmaster1 & hbusreq1) -> X(!(hbusreq1)))']",42.267529849894345,259.0458196999971,5,477bd0c6-532a-46cc-b094-5a820201382a,2,False,N/A,N/A,False,0.3457847749814391,N/A,N/A,1.1109100601170212,21,6.99849333614111e-05,0.2445489161182195
742f74bd-35e0-4b45-b0e7-19d1aba2ecb7,"['!(!hready)', 'G((hbusreq2) -> X(!(!hready & hbusreq2)))', 'G((hbusreq3 & !hmaster1) -> X(!(hbusreq3)))', 'G((hmaster0 & hbusreq2) -> X(!(hbusreq2)))', 'G((hmaster1 & hbusreq1) -> X(!(hbusreq1)))']",42.26754306908697,260.8220451870002,5,477bd0c6-532a-46cc-b094-5a820201382a,0,True,False,N/A,False,0.21922146994620562,0.012750144815072417,N/A,N/A,N/A,N/A,N/A
76e9bdc9-dc0c-4525-b55c-b28c64500951,"['G((hbusreq1) -> X(!(hbusreq1)))', 'G((hbusreq2) -> X(!(!hready & hbusreq2)))', 'G((hbusreq3 & !hmaster1) -> X(!(hbusreq3)))', 'G((hmaster0 & hbusreq2) -> X(!(hbusreq2)))', 'G((hmaster1 & hbusreq1) -> X(!(hbusreq1)))']",42.267550338990986,261.0380263449624,5,477bd0c6-532a-46cc-b094-5a820201382a,2,False,N/A,N/A,False,0.19727533403784037,N/A,N/A,2.061970833921805,21,7.270113565027714e-05,0.10016493895091116
598098b5-c721-4115-ac01-7083fb3de2ab,"['G((hbusreq2) -> X(!(!hready & hbusreq2)))', 'G((hbusreq3 & !hmaster1) -> X(!(hbusreq3)))', 'G((hmaster0 & hbusreq2) -> X(!(hbusreq2)))', 'G((hmaster1 & hbusreq1) -> X(!(hbusreq1)))', 'G(F(!(hbusreq1)))']",42.26755592995323,263.7719650641084,5,477bd0c6-532a-46cc-b094-5a820201382a,2,False,N/A,N/A,False,0.37599235586822033,N/A,N/A,3.95687682996504,37,6.945687346160412e-05,0.22612928901799023
4bda808c-1db9-478c-9dbb-051a9a34bc54,"['G((!hready) -> X(!(!hready)))', 'G((hbusreq2) -> X(!(!hready & hbusreq2)))', 'G((hbusreq3 & !hmaster1) -> X(!(hbusreq3)))', 'G((hmaster0 & hbusreq2) -> X(!(hbusreq2)))', 'G(F(!(hmaster1 & hbusreq1)))']",43.09440049692057,274.82970236311667,5,65fb3736-f101-40ff-8b8e-4943ae2fd4c4,0,True,True,False,True,6.582946032984182,0.1490975150372833,0.05562672787345946,N/A,N/A,N/A,N/A
b541d527-cf1a-4a51-bf57-22a56e9d9efa,"['G((hbusreq2) -> X(!(!hready & hbusreq2)))', 'G((hbusreq3 & !hmaster1) -> X(!(hbusreq3)))', 'G((hmaster0 & hbusreq2) -> X(!(hbusreq2)))', 'G(F(!(hbusreq1)))', 'G(F(!(hmaster1 & hbusreq1)))']",43.09441445511766,275.5739618970547,5,65fb3736-f101-40ff-8b8e-4943ae2fd4c4,4,False,N/A,N/A,False,0.5313138039782643,N/A,N/A,5.449088040040806,53,8.909706957638264e-05,0.10479583102278411
62986aa9-634a-4e92-831a-fde13035c8a8,"['G((!hready) -> X(!(hbusreq1)))', 'G((hbusreq2) -> X(!(!hready & hbusreq2)))', 'G((hbusreq3 & !hmaster1) -> X(!(hbusreq3)))', 'G((hmaster0 & hbusreq2) -> X(!(hbusreq2)))', 'G(F(!(hmaster1 & hbusreq1)))']",43.09442118392326,282.0186485981103,5,65fb3736-f101-40ff-8b8e-4943ae2fd4c4,3,False,N/A,N/A,False,0.37989450083114207,N/A,N/A,1.915194289991632,37,7.989606820046902e-05,0.1027051960118115
ca33fe1e-3e77-43bb-9252-460efc2c1052,"['!(!hready)', 'G((hbusreq2) -> X(!(!hready & hbusreq2)))', 'G((hbusreq3 & !hmaster1) -> X(!(hbusreq3)))', 'G((hmaster0 & hbusreq2) -> X(!(hbusreq2)))', 'G(F(!(hmaster1 & hbusreq1)))']",43.094427031930536,284.601444815984,5,65fb3736-f101-40ff-8b8e-4943ae2fd4c4,0,True,False,N/A,False,0.3097188819665462,0.021742966026067734,N/A,N/A,N/A,N/A,N/A
42dd9358-155a-4cd1-bf5b-8450a373b273,"['G((hbusreq1) -> X(!(hbusreq1)))', 'G((hbusreq2) -> X(!(!hready & hbusreq2)))', 'G((hbusreq3 & !hmaster1) -> X(!(hbusreq3)))', 'G((hmaster0 & hbusreq2) -> X(!(hbusreq2)))', 'G(F(!(hmaster1 & hbusreq1)))']",43.09443252091296,284.91241188603453,5,65fb3736-f101-40ff-8b8e-4943ae2fd4c4,3,False,N/A,N/A,False,0.2834278589580208,N/A,N/A,3.8501883258577436,37,7.557380013167858e-05,0.10620391508564353
b3e72341-e76f-433e-8a7c-a71b7e35c3da,"['G((!hready) -> X(!(!hready & hbusreq2)))', 'G((!hready) -> X(!(hbusreq1)))', 'G((hbusreq3 & !hmaster1) -> X(!(hbusreq3)))', 'G((hmaster0 & hbusreq2) -> X(!(hbusreq2)))', 'G((hmaster1 & hbusreq1) -> X(!(hbusreq1)))']",43.56713771610521,289.2671892060898,5,0f72d64a-1278-44b4-9f25-dc09b1ed0cf4,0,False,N/A,N/A,False,0.15195688093081117,N/A,N/A,0.7558460349682719,17,2.2421590983867645e-07,0.2556344741024077
a631861f-5f53-4aa6-8759-3be9b453a5ca,"['!(!hready)', 'G((!hready) -> X(!(!hready & hbusreq2)))', 'G((hbusreq3 & !hmaster1) -> X(!(hbusreq3)))', 'G((hmaster0 & hbusreq2) -> X(!(hbusreq2)))', 'G((hmaster1 & hbusreq1) -> X(!(hbusreq1)))']",43.56715341005474,290.59948710608296,5,0f72d64a-1278-44b4-9f25-dc09b1ed0cf4,0,True,False,N/A,False,0.1449368440080434,0.01252850890159607,N/A,N/A,N/A,N/A,N/A
7b80f740-f990-4e29-ac39-a5fa5a1c47a4,"['G((!hready) -> X(!(!hready & hbusreq2)))', 'G((hbusreq1) -> X(!(hbusreq1)))', 'G((hbusreq3 & !hmaster1) -> X(!(hbusreq3)))', 'G((hmaster0 & hbusreq2) -> X(!(hbusreq2)))', 'G((hmaster1 & hbusreq1) -> X(!(hbusreq1)))']",43.567163879051805,290.73922266601585,5,0f72d64a-1278-44b4-9f25-dc09b1ed0cf4,0,False,N/A,N/A,False,0.12180312816053629,N/A,N/A,0.8910438709426671,17,1.869630068540573e-07,0.09990295395255089
0ba78468-8e1e-4f9a-a863-225d456a917b,"['G((!hready) -> X(!(!hready & hbusreq2)))', 'G((hbusreq3 & !hmaster1) -> X(!(hbusreq3)))', 'G((hmaster0 & hbusreq2) -> X(!(hbusreq2)))', 'G((hmaster1 & hbusreq1) -> X(!(hbusreq1)))', 'G(F(!(hbusreq1)))']",43.56717437505722,292.0666941299569,5,0f72d64a-1278-44b4-9f25-dc09b1ed0cf4,3,False,N/A,N/A,False,0.1923770650755614,N/A,N/A,1.3550291429273784,23,7.430510595440865e-05,0.2740870288107544
12f4d554-26d8-4b3c-8086-47cd240b0e85,"['G((!hready) -> X(!(!hready & hbusreq2)))', 'G((hbusreq1 & !hready) -> X(!(hbusreq1)))', 'G((hbusreq3 & !hmaster1) -> X(!(hbusreq3)))', 'G((hmaster0 & hbusreq2) -> X(!(hbusreq2)))', 'G(F(!(hmaster1 & hbusreq1)))']",44.1518960269168,294.1217052950524,5,09dfef9f-f035-4c53-8d6b-53796d76a737,3,False,N/A,N/A,False,0.19580814894288778,N/A,N/A,1.4889275359455496,23,8.71419906616211e-05,0.1026259008795023
ee1beec7-acf5-48be-a3f7-870257abf7df,"['G((!hready) -> X(!(!hready & hbusreq2)))', 'G((hbusreq1) -> X(!(hbusreq1 & !hready)))', 'G((hbusreq3 & !hmaster1) -> X(!(hbusreq3)))', 'G((hmaster0 & hbusreq2) -> X(!(hbusreq2)))', 'G(F(!(hmaster1 & hbusreq1)))']",44.151909397915006,296.65226298593916,5,09dfef9f-f035-4c53-8d6b-53796d76a737,5,False,N/A,N/A,False,0.38040083507075906,N/A,N/A,1.4718621270731091,23,8.857995271682739e-05,0.10079857194796205
3e90f8e6-0f12-4446-9b41-d3c967fa567a,"['G((!hready) -> X(!(!hready & hbusreq2)))', 'G((hbusreq3 & !hmaster1) -> X(!(hbusreq3)))', 'G((hmaster0 & hbusreq2) -> X(!(hbusreq2)))', 'G(F(!(hbusreq1 & !hready) & !(hbusreq1)))', 'G(F(!(hmaster1 & hbusreq1)))']",44.15191564895213,298.62672525597736,5,09dfef9f-f035-4c53-8d6b-53796d76a737,1,False,N/A,N/A,False,0.15517016197554767,N/A,N/A,0.2552229091525078,7,7.740897126495838e-05,0.29735771217383444
552ba682-d77a-49a1-b587-0b9861eafedc,"['!(!hready)', 'G((!hready) -> X(!(!hready & hbusreq2)))', 'G((hbusreq3 & !hmaster1) -> X(!(hbusreq3)))', 'G((hmaster0 & hbusreq2) -> X(!(hbusreq2)))', 'G(F(!(hmaster1 & hbusreq1)))']",44.1519209491089,299.5391636469867,5,09dfef9f-f035-4c53-8d6b-53796d76a737,0,True,False,N/A,False,0.138895332114771,0.013880543876439333,N/A,N/A,N/A,N/A,N/A
78a9932d-b82b-40cc-9057-ee2c9e88d36b,"['G((!hready) -> X(!(!hready & hbusreq2)))', 'G((!hready) -> X(!(hbusreq1 & !hready)))', 'G((hbusreq3 & !hmaster1) -> X(!(hbusreq3)))', 'G((hmaster0 & hbusreq2) -> X(!(hbusreq2)))', 'G(F(!(hmaster1 & hbusreq1)))']",44.15192762389779,299.67582826595753,5,09dfef9f-f035-4c53-8d6b-53796d76a737,3,False,N/A,N/A,False,0.11661638505756855,N/A,N/A,1.2692215191200376,23,7.643713615834713e-05,0.10088095907121897
fef13ded-f387-4039-9d25-0427c812975a,"['G((!hready) -> X(!(!hready & hbusreq2)))', 'G((hbusreq1) -> X(!(hbusreq1)))', 'G((hbusreq3 & !hmaster1) -> X(!(hbusreq3)))', 'G((hmaster0 & hbusreq2) -> X(!(hbusreq2)))', 'G(F(!(hmaster1 & hbusreq1)))']",44.151932639069855,301.51317250099964,5,09dfef9f-f035-4c53-8d6b-53796d76a737,4,False,N/A,N/A,False,0.2677377809304744,N/A,N/A,1.4647156589198858,23,8.372007869184017e-05,0.2719282328616828
7aa8b288-7013-44e5-a2ea-5d12b7e1ed8d,"['FALSE', 'G((hbusreq3 & !hmaster1) -> X(!(hbusreq3)))', 'G((hmaster1 & hbusreq1) -> X(!(hbusreq1)))', 'G(F(!(!hready & hbusreq1) & !(hbusreq1)))', 'G(F(!(hbusreq2 & !hmaster1) & !(hmaster0 & hbusreq2)))']",45.23072777106427,303.6279639150016,5,0ac96a28-8441-481f-9dad-7a9d9ccb1bba,0,True,False,N/A,False,0.1929994251113385,0.012225952930748463,N/A,N/A,N/A,N/A,N/A
a4e92143-7080-48b8-8fc1-1b9c63c4df7d,"['G((hbusreq1) -> X(!(!hready & hbusreq1)))', 'G((hbusreq3 & !hmaster1) -> X(!(hbusreq3)))', 'G((hmaster1 & hbusreq1) -> X(!(hbusreq1)))', 'G(F(!(hbusreq2 & !hmaster1) & !(hmaster0 & hbusreq2)))', 'G(F(!(hmaster1 & hbusreq0) & !(hbusreq0 & hmaster1)))']",54.755904973018914,303.7633419500198,5,345ea93b-3ba7-4609-baf0-ff182cfcda1e,5,False,N/A,N/A,False,0.11730154207907617,N/A,N/A,5.390237563056871,53,8.901720866560936e-05,0.2878756718710065
e7874c50-c30d-45de-97f5-cb162aa10143,"['G((hbusreq0 & hmaster1) -> X(!(hbusreq0)))', 'G((hbusreq1) -> X(!(!hready & hbusreq1)))', 'G((hbusreq3 & !hmaster1) -> X(!(hbusreq3)))', 'G((hmaster1 & hbusreq1) -> X(!(hbusreq1)))', 'G(F(!(hbusreq2 & !hmaster1) & !(hmaster0 & hbusreq2)))']",54.75591975590214,310.29062675801106,5,345ea93b-3ba7-4609-baf0-ff182cfcda1e,0,False,N/A,N/A,False,0.5569513128139079,N/A,N/A,3.5318414310459048,45,1.939479261636734e-07,0.29879992501810193
38e67b09-a995-4ca8-80bb-e5445da61c4a,"['G((hbusreq1) -> X(!(!hready & hbusreq1)))', 'G((hbusreq3 & !hmaster1) -> X(!(hbusreq3)))', 'G((hmaster1 & hbusreq0) -> X(!(hbusreq0)))', 'G((hmaster1 & hbusreq1) -> X(!(hbusreq1)))', 'G(F(!(hbusreq2 & !hmaster1) & !(hmaster0 & hbusreq2)))']",54.75592830800451,314.697400795063,5,345ea93b-3ba7-4609-baf0-ff182cfcda1e,1,False,N/A,N/A,False,0.26157038705423474,N/A,N/A,3.537942389026284,45,7.546204142272472e-05,0.29258616105653346
8df97ee4-e3ad-4d30-adf3-7881874a040d,"['G((!hready) -> X(!(!hready & hbusreq1)))', 'G((hbusreq0 & hmaster1) -> X(!(hbusreq0)))', 'G((hbusreq3 & !hmaster1) -> X(!(hbusreq3)))', 'G((hmaster1 & hbusreq1) -> X(!(hbusreq1)))', 'G(F(!(hbusreq2 & !hmaster1) & !(hmaster0 & hbusreq2)))']",56.95328536094166,319.0912632190157,5,9e666463-b974-4513-a23d-b46ebd54ca47,0,False,N/A,N/A,False,0.3135060661006719,N/A,N/A,1.4043312079738826,23,1.9720755517482758e-07,0.1110418071039021
9290eb28-0b23-48ce-a164-8bce5ba2e03c,"['G((!hready) -> X(!(!hready & hbusreq1)))', 'G((hbusreq3 & !hmaster1) -> X(!(hbusreq3)))', 'G((hmaster1 & hbusreq1) -> X(!(hbusreq1)))', 'G(F(!(hbusreq2 & !hmaster1) & !(hmaster0 & hbusreq2)))', 'G(F(!(hmaster1 & hbusreq0) & !(hmaster0 & hbusreq0) & !(hbusreq0 & hmaster1)))']",56.95333479391411,321.0097240488976,5,9e666463-b974-4513-a23d-b46ebd54ca47,1,False,N/A,N/A,False,0.14087139000184834,N/A,N/A,2.9321129540912807,49,7.212301716208458e-05,0.10011208709329367
e4e1a42a-ee3e-4a57-9cf2-704d7338c96b,"['G((!hready) -> X(!(!hready & hbusreq1)))', 'G((hbusreq3 & !hmaster1) -> X(!(hbusreq3)))', 'G((hmaster0 & hbusreq0) -> X(!(hbusreq0)))', 'G((hmaster1 & hbusreq1) -> X(!(hbusreq1)))', 'G(F(!(hbusreq2 & !hmaster1) & !(hmaster0 & hbusreq2)))']",56.953349807998165,325.11785903503187,5,9e666463-b974-4513-a23d-b46ebd54ca47,4,False,N/A,N/A,False,0.8671158719807863,N/A,N/A,1.5325870821252465,23,8.780905045568943e-05,0.10851219389587641
91a86080-88da-4444-9d92-1a082af9a609,"['G((!hready) -> X(!(!hready & hbusreq1)))', 'G((hbusreq3 & !hmaster1) -> X(!(hbusreq3)))', 'G((hmaster1 & hbusreq0) -> X(!(hbusreq0)))', 'G((hmaster1 & hbusreq1) -> X(!(hbusreq1)))', 'G(F(!(hbusreq2 & !hmaster1) & !(hmaster0 & hbusreq2)))']",56.95336064789444,327.32050431589596,5,9e666463-b974-4513-a23d-b46ebd54ca47,4,False,N/A,N/A,False,0.29093287605792284,N/A,N/A,1.3693246790207922,23,8.292589336633682e-05,0.10769071290269494
51e7f704-3236-4c4d-86dc-85e87053ebb6,"['G((!hready & hbusreq1) -> X(!(hbusreq1)))', 'G((hbusreq3 & !hmaster1) -> X(!(hbusreq3)))', 'G((hgrant0 & hready & hbusreq1) -> X(!(hready & hbusreq1)))', 'G((hmaster1 & hbusreq1) -> X(!(hbusreq1)))', 'G(F(!(hbusreq2 & !hmaster1) & !(hmaster0 & hbusreq2)))']",60.80328125599772,329.4003608059138,5,fe9774e8-e60f-4180-a6f1-4a304f30c68f,0,True,True,False,True,0.3735044808126986,0.10137581801973283,0.058913843939080834,N/A,N/A,N/A,N/A
84875edd-0e79-4376-ba1f-b11706f726b3,"['G((!hready & hbusreq1) -> X(!(hbusreq1)))', 'G((hbusreq3 & !hmaster1) -> X(!(hbusreq3)))', 'G((hmaster1 & hbusreq1) -> X(!(hbusreq1)))', 'G((hready & hbusreq1 & hgrant0) -> X(!(hready & hbusreq1)))', 'G(F(!(hbusreq2 & !hmaster1) & !(hmaster0 & hbusreq2)))']",60.8032960020937,329.7430482150521,5,fe9774e8-e60f-4180-a6f1-4a304f30c68f,0,True,True,False,True,0.17525614402256906,0.024081290001049638,0.024144673021510243,N/A,N/A,N/A,N/A
5b9a1bec-d82d-4d64-9662-21ccc0a14716,"['G((!hready & hbusreq1) -> X(!(hbusreq1)))', 'G((hbusreq3 & !hmaster1) -> X(!(hbusreq3)))', 'G((hmaster1 & hbusreq1) -> X(!(hbusreq1)))', 'G(F(!(hbusreq2 & !hmaster1) & !(hmaster0 & hbusreq2)))', 'G(F(!(hready & hbusreq1 & hgrant0) & !(hgrant0 & hready & hbusreq1)))']",60.80330296698958,329.93326379801147,5,fe9774e8-e60f-4180-a6f1-4a304f30c68f,1,False,N/A,N/A,False,0.13482083892449737,N/A,N/A,5.373072960879654,49,8.498691022396088e-05,0.3215130439493805
d4e72ebb-dc10-4376-9041-8f45927a142e,"['FALSE', 'G((hbusreq1 & hmaster1) -> X(!(hbusreq1)))', 'G((hbusreq3 & !hmaster1) -> X(!(hbusreq3)))', 'G(F(!(!hready & hbusreq1) & !(hbusreq1)))', 'G(F(!(hbusreq2 & !hmaster1) & !(hmaster0 & hbusreq2)))']",61.9433617379982,336.0239620069042,5,5f5ad0c5-cd1e-4086-b1eb-32608365ef7e,0,True,False,N/A,False,0.15221583098173141,0.012192002031952143,N/A,N/A,N/A,N/A,N/A
e60a05f7-9656-4e56-92de-c74fbf1a8c2d,"['G((hbusreq1 & hmaster1) -> X(!(hbusreq1)))', 'G((hbusreq1) -> X(!(!hready & hbusreq1)))', 'G((hbusreq3 & !hmaster1) -> X(!(hbusreq3)))', 'G(F(!(hbusreq2 & !hmaster1) & !(hmaster0 & hbusreq2)))', 'G(F(!(hmaster1 & hbusreq0) & !(hbusreq0 & hmaster0) & !(hbusreq0 & hmaster1)))']",65.87515524309129,336.1699043700937,5,31955586-32c5-49c7-a206-522618ffe141,1,False,N/A,N/A,False,0.1280288810376078,N/A,N/A,5.414167046081275,53,8.22991132736206e-05,0.3021930439863354
0b85bf21-26c9-4ad6-9476-18e7f8683294,"['G((hbusreq0 & hmaster1) -> X(!(hbusreq0)))', 'G((hbusreq1 & hmaster1) -> X(!(hbusreq1)))', 'G((hbusreq1) -> X(!(!hready & hbusreq1)))', 'G((hbusreq3 & !hmaster1) -> X(!(hbusreq3)))', 'G(F(!(hbusreq2 & !hmaster1) & !(hmaster0 & hbusreq2)))']",65.87517014704645,342.3843851699494,5,31955586-32c5-49c7-a206-522618ffe141,4,False,N/A,N/A,False,0.26812702510505915,N/A,N/A,3.383111726026982,45,8.73650424182415e-05,0.11091719404794276
e279eebf-35d7-4808-a25f-57879d16fe39,"['G((hbusreq1 & hmaster1) -> X(!(hbusreq1)))', 'G((hbusreq1) -> X(!(!hready & hbusreq1)))', 'G((hbusreq3 & !hmaster1) -> X(!(hbusreq3)))', 'G((hmaster1 & hbusreq0) -> X(!(hbusreq0)))', 'G(F(!(hbusreq2 & !hmaster1) & !(hmaster0 & hbusreq2)))']",65.87517837691121,346.44956945907325,5,31955586-32c5-49c7-a206-522618ffe141,0,False,N/A,N/A,False,0.3116327319294214,N/A,N/A,3.3674714129883796,45,2.0186416804790497e-07,0.1169539641123265
bee30dda-918b-43a0-b35d-54f0fa95a376,"['G((hbusreq0 & hmaster0) -> X(!(hbusreq0)))', 'G((hbusreq1 & hmaster1) -> X(!(hbusreq1)))', 'G((hbusreq1) -> X(!(!hready & hbusreq1)))', 'G((hbusreq3 & !hmaster1) -> X(!(hbusreq3)))', 'G(F(!(hbusreq2 & !hmaster1) & !(hmaster0 & hbusreq2)))']",65.87518390407786,350.7260522239376,5,31955586-32c5-49c7-a206-522618ffe141,3,False,N/A,N/A,False,0.5391115359961987,N/A,N/A,3.3923689408693463,45,8.201505988836288e-05,0.1138103159610182
2789aada-7e2f-46d6-94b3-fff539ffc8bb,"['G((!hready) -> X(!(!hready & hbusreq1)))', 'G((hbusreq0 & hmaster1) -> X(!(hbusreq0)))', 'G((hbusreq1 & hmaster1) -> X(!(hbusreq1)))', 'G((hbusreq3 & !hmaster1) -> X(!(hbusreq3)))', 'G(F(!(hbusreq2 & !hmaster1) & !(hmaster0 & hbusreq2)))']",67.6154629450757,354.79818997206166,5,eb941988-817a-4329-9461-e97725e8800e,5,False,N/A,N/A,False,0.27781343599781394,N/A,N/A,1.420747044030577,23,8.654221892356873e-05,0.11089339409954846
40e89764-4b00-4332-add0-8e06ae119222,"['G((!hready) -> X(!(!hready & hbusreq1)))', 'G((hbusreq1 & hmaster1) -> X(!(hbusreq1)))', 'G((hbusreq3 & !hmaster1) -> X(!(hbusreq3)))', 'G(F(!(hbusreq2 & !hmaster1) & !(hmaster0 & hbusreq2)))', 'G(F(!(hmaster1 & hbusreq0) & !(hmaster0 & hbusreq0) & !(hbusreq0 & hmaster1)))']",67.61547613306902,356.7219110059086,5,eb941988-817a-4329-9461-e97725e8800e,1,False,N/A,N/A,False,0.16100844694301486,N/A,N/A,2.8385051828809083,49,9.664311073720455e-05,0.3232117500156164
8847c9d6-6a53-46e8-89c7-7022a8ed420b,"['G((!hready) -> X(!(!hready & hbusreq1)))', 'G((hbusreq1 & hmaster1) -> X(!(hbusreq1)))', 'G((hbusreq3 & !hmaster1) -> X(!(hbusreq3)))', 'G((hmaster0 & hbusreq0) -> X(!(hbusreq0)))', 'G(F(!(hbusreq2 & !hmaster1) & !(hmaster0 & hbusreq2)))']",67.61548384302296,360.59027149993926,5,eb941988-817a-4329-9461-e97725e8800e,2,False,N/A,N/A,False,0.5022539750207216,N/A,N/A,1.4098033290356398,23,7.321685552597046e-05,0.11323330900631845
1edeac41-2ebc-4731-9919-2f24cb57a710,"['G((!hready) -> X(!(!hready & hbusreq1)))', 'G((hbusreq1 & hmaster1) -> X(!(hbusreq1)))', 'G((hbusreq3 & !hmaster1) -> X(!(hbusreq3)))', 'G((hmaster1 & hbusreq0) -> X(!(hbusreq0)))', 'G(F(!(hbusreq2 & !hmaster1) & !(hmaster0 & hbusreq2)))']",67.61548957205378,362.6247434869874,5,eb941988-817a-4329-9461-e97725e8800e,3,False,N/A,N/A,False,0.2781562930904329,N/A,N/A,1.5913652339950204,23,7.711909711360931e-05,0.11086138500832021
e63522a1-2e2e-479e-b592-1236bdfb85a0,"['G((!hready & hbusreq1) -> X(!(hbusreq1)))', 'G((hbusreq1 & hmaster1) -> X(!(hbusreq1)))', 'G((hbusreq3 & !hmaster1) -> X(!(hbusreq3)))', 'G((hmaster0 & hbusreq0) -> X(!(hbusreq0)))', 'G(F(!(hbusreq2 & !hmaster1) & !(hmaster0 & hbusreq2)))']",71.36794899404049,365.1512616230175,5,b53f733b-5df8-427f-a6e5-44f9541c4c6f,2,False,N/A,N/A,False,0.5934535497799516,N/A,N/A,3.242688679834828,41,7.319892756640911e-05,0.33259718399494886
c8360139-5bda-4d4f-b715-71547a9b44d0,"['G((!hready & hbusreq1) -> X(!(hbusreq1)))', 'G((hbusreq1 & hmaster1) -> X(!(hbusreq1)))', 'G((hbusreq3 & !hmaster1) -> X(!(hbusreq3)))', 'G(F(!(hbusreq2 & !hmaster1) & !(hmaster0 & hbusreq2)))', 'G(F(!(hmaster1 & hbusreq0) & !(hmaster0 & hbusreq0) & !(hbusreq0 & hmaster1)))']",71.36796215106733,369.1663514599204,5,b53f733b-5df8-427f-a6e5-44f9541c4c6f,1,False,N/A,N/A,False,0.16495870612561703,N/A,N/A,5.040768842911348,49,8.455291390419006e-05,0.3258388349786401
4df1b0f7-2131-4606-a61d-1daaa63719a0,"['G((!hready & hbusreq1) -> X(!(hbusreq1)))', 'G((hbusreq0 & hmaster1) -> X(!(hbusreq0)))', 'G((hbusreq1 & hmaster1) -> X(!(hbusreq1)))', 'G((hbusreq3 & !hmaster1) -> X(!(hbusreq3)))', 'G(F(!(hbusreq2 & !hmaster1) & !(hmaster0 & hbusreq2)))']",71.36796856392175,375.1328060158994,5,b53f733b-5df8-427f-a6e5-44f9541c4c6f,0,False,N/A,N/A,False,0.3709454739000648,N/A,N/A,3.1853975269477814,41,2.600718289613724e-07,0.35340548888780177
4e7ce5c1-0a53-41aa-a1a5-106aef113bf4,"['G((!hready & hbusreq1) -> X(!(hbusreq1)))', 'G((hbusreq1 & hmaster1) -> X(!(hbusreq1)))', 'G((hbusreq3 & !hmaster1) -> X(!(hbusreq3)))', 'G((hmaster1 & hbusreq0) -> X(!(hbusreq0)))', 'G(F(!(hbusreq2 & !hmaster1) & !(hmaster0 & hbusreq2)))']",71.3679740789812,379.2734764860943,5,b53f733b-5df8-427f-a6e5-44f9541c4c6f,1,False,N/A,N/A,False,0.29157198895700276,N/A,N/A,3.2177113639190793,41,5.9853075072169304e-05,0.12278463901020586
1b0be8d0-e95c-4194-86d2-b15a13093cdf,"['FALSE', 'G((hmaster1 & hbusreq1) -> X(!(hbusreq1)))', 'G(F(!(!hmaster1 & hbusreq2)))', 'G(F(!(!hready & hbusreq1) & !(hbusreq1)))', 'G(F(!(hbusreq3 & !hmaster1)))']",75.6767442279961,383.2449419219047,5,5f1f0f05-799e-43b3-aa71-520f0b018969,0,True,False,N/A,False,0.38021083595231175,0.012189863016828895,N/A,N/A,N/A,N/A,N/A
9012c771-b355-4307-9a1d-cdf44240c1ad,"['G((!hready & hbusreq1) -> X(!(!hready & hbusreq1)))', 'G((hmaster1 & hbusreq1) -> X(!(hbusreq1)))', 'G(F(!(!hmaster1 & hbusreq2)))', 'G(F(!(hbusreq3 & !hmaster1)))', 'G(F(!(hmaster1 & hbusreq0)))']",79.57111086510122,383.96690175589174,5,4fe0d1e1-ebfa-45b0-8eeb-8e9d42afb1ed,7,False,N/A,N/A,False,0.7038902901113033,N/A,N/A,3.703838162124157,39,9.968504309654236e-05,0.14923357008956373
9d477d85-435b-4e69-91ff-29ca5b1bd0ac,"['G((!hready & hbusreq1) -> X(!(!hready & hbusreq1)))', 'G((hmaster1 & hbusreq0) -> X(!(hbusreq0)))', 'G((hmaster1 & hbusreq1) -> X(!(hbusreq1)))', 'G(F(!(!hmaster1 & hbusreq2)))', 'G(F(!(hbusreq3 & !hmaster1)))']",79.57112765009515,388.8925533059519,5,4fe0d1e1-ebfa-45b0-8eeb-8e9d42afb1ed,5,False,N/A,N/A,False,0.5414466259535402,N/A,N/A,3.690046242903918,37,8.684489876031876e-05,0.1216313811019063
e983dad6-e87e-480d-ad30-f39be6884a1d,"['G((hbusreq1) -> X(!(!hready & hbusreq1)))', 'G((hmaster1 & hbusreq1) -> X(!(hbusreq1)))', 'G(F(!(!hmaster1 & hbusreq2)))', 'G(F(!(hbusreq3 & !hmaster1)))', 'G(F(!(hmaster1 & hbusreq0) & !(hbusreq0 & hmaster0) & !(hbusreq0 & hmaster1)))']",85.76601098105311,393.2216435689479,5,52f30831-1264-4035-92b4-3dc27ec96958,1,False,N/A,N/A,False,0.20384960994124413,N/A,N/A,7.295865984866396,69,6.409292109310627e-05,0.334072110010311
59a3195d-cb90-4047-856d-a36c69e162cc,"['G((hbusreq0 & hmaster1) -> X(!(hbusreq0)))', 'G((hbusreq1) -> X(!(!hready & hbusreq1)))', 'G((hmaster1 & hbusreq1) -> X(!(hbusreq1)))', 'G(F(!(!hmaster1 & hbusreq2)))', 'G(F(!(hbusreq3 & !hmaster1)))']",85.76602652296424,401.60513696307316,5,52f30831-1264-4035-92b4-3dc27ec96958,6,False,N/A,N/A,False,0.4014933358412236,N/A,N/A,5.327666177880019,57,9.411992505192757e-05,0.3630424060393125
9fccd850-2781-4535-a1e2-7aa2010b2aff,"['G((hbusreq1) -> X(!(!hready & hbusreq1)))', 'G((hmaster1 & hbusreq0) -> X(!(hbusreq0)))', 'G((hmaster1 & hbusreq1) -> X(!(hbusreq1)))', 'G(F(!(!hmaster1 & hbusreq2)))', 'G(F(!(hbusreq3 & !hmaster1)))']",85.76603284897283,408.0286476940382,5,52f30831-1264-4035-92b4-3dc27ec96958,7,False,N/A,N/A,False,0.3491776390001178,N/A,N/A,5.281867587938905,57,9.935186244547367e-05,0.13422468793578446
8ad9c48d-433b-4424-ad84-9538b3b19fc9,"['G((hbusreq0 & hmaster0) -> X(!(hbusreq0)))', 'G((hbusreq1) -> X(!(!hready & hbusreq1)))', 'G((hmaster1 & hbusreq1) -> X(!(hbusreq1)))', 'G(F(!(!hmaster1 & hbusreq2)))', 'G(F(!(hbusreq3 & !hmaster1)))']",85.76603833492845,414.6314787499141,5,52f30831-1264-4035-92b4-3dc27ec96958,5,False,N/A,N/A,False,0.862023517023772,N/A,N/A,57.65846288902685,642,9.543518535792828e-05,0.14959451206959784
3a52756b-6927-4855-837b-3a8922d8432a,"['G((!hready) -> X(!(!hready & hbusreq1)))', 'G((hmaster1 & hbusreq1) -> X(!(hbusreq1)))', 'G(F(!(!hmaster1 & hbusreq2)))', 'G(F(!(hbusreq3 & !hmaster1)))', 'G(F(!(hmaster1 & hbusreq0) & !(hbusreq0 & hmaster1)))']",88.7975159350317,484.97619702504016,5,59b020dd-0775-4707-a953-40c212381096,4,False,N/A,N/A,False,0.6102578989230096,N/A,N/A,2.9302266710437834,45,8.914084173738956e-05,0.13497439306229353
2567d593-944c-455c-8ea4-8d3542e4ccfa,"['G((!hready) -> X(!(!hready & hbusreq1)))', 'G((hbusreq0 & hmaster1) -> X(!(hbusreq0)))', 'G((hmaster1 & hbusreq1) -> X(!(hbusreq1)))', 'G(F(!(!hmaster1 & hbusreq2)))', 'G(F(!(hbusreq3 & !hmaster1)))']",88.79752972489223,489.3478780009318,5,59b020dd-0775-4707-a953-40c212381096,5,False,N/A,N/A,False,0.8659672890789807,N/A,N/A,2.875439902069047,37,9.205588139593601e-05,0.3619912739377469
728fbd88-88f9-4a91-9476-700e34d2e393,"['G((!hready) -> X(!(!hready & hbusreq1)))', 'G((hmaster1 & hbusreq0) -> X(!(hbusreq0)))', 'G((hmaster1 & hbusreq1) -> X(!(hbusreq1)))', 'G(F(!(!hmaster1 & hbusreq2)))', 'G(F(!(hbusreq3 & !hmaster1)))']",88.7975362020079,493.43603076203726,5,59b020dd-0775-4707-a953-40c212381096,5,False,N/A,N/A,False,0.43021751195192337,N/A,N/A,2.7492960789240897,37,9.095203131437302e-05,0.3688095088582486
b1f82ca0-a8d9-434a-987d-862ae5a51872,"['G((!hready & hbusreq1) -> X(!(hbusreq1)))', 'G((hmaster1 & hbusreq1) -> X(!(hbusreq1)))', 'G(F(!(!hmaster1 & hbusreq2)))', 'G(F(!(hbusreq0 & hmaster0) & !(hbusreq0 & hmaster1)))', 'G(F(!(hbusreq3 & !hmaster1)))']",94.36300776293501,497.80589853203855,5,cf99c856-6979-45e3-b8ad-7a5782ad6f3e,0,False,N/A,N/A,False,0.9361143088899553,N/A,N/A,75.45157356187701,890,N/A,N/A
745815f8-652d-4b2c-861c-c8bf65285ba2,"['G((!hready & hbusreq1) -> X(!(hbusreq1)))', 'G((hbusreq0 & hmaster1) -> X(!(hbusreq0)))', 'G((hmaster1 & hbusreq1) -> X(!(hbusreq1)))', 'G(F(!(!hmaster1 & hbusreq2)))', 'G(F(!(hbusreq3 & !hmaster1)))']",94.3630223989021,584.9736916339025,5,cf99c856-6979-45e3-b8ad-7a5782ad6f3e,5,False,N/A,N/A,False,1.275844780029729,N/A,N/A,5.044497531140223,53,9.249290451407433e-05,0.42756779002957046
7c309ec8-e908-4bdf-9c94-e1f69eb012ad,"['G((!hready & hbusreq1) -> X(!(hbusreq1)))', 'G((hbusreq0 & hmaster0) -> X(!(hbusreq0)))', 'G((hmaster1 & hbusreq1) -> X(!(hbusreq1)))', 'G(F(!(!hmaster1 & hbusreq2)))', 'G(F(!(hbusreq3 & !hmaster1)))']",94.36302895611152,592.4124951791018,5,cf99c856-6979-45e3-b8ad-7a5782ad6f3e,0,False,N/A,N/A,False,1.249233498936519,N/A,N/A,N/A,N/A,N/A,N/A
